[{"model": "class.registrationsettings", "pk": 1, "fields": {"mandatory": false, "auto_approve": true, "capacity": 9999, "opens": "2022-11-24T18:35:00Z", "closes": "2022-12-24T18:35:00Z"}}, {"model": "class.registrationsettings", "pk": 2, "fields": {"mandatory": false, "auto_approve": true, "capacity": 9999, "opens": "2022-11-24T18:48:00Z", "closes": "2022-12-24T18:48:00Z"}}, {"model": "class.registrationsettings", "pk": 3, "fields": {"mandatory": true, "auto_approve": true, "capacity": 20, "opens": "2022-11-24T19:07:00Z", "closes": "2022-11-27T22:59:00Z"}}, {"model": "class.registrationsettings", "pk": 4, "fields": {"mandatory": true, "auto_approve": true, "capacity": 150, "opens": "2022-12-05T19:00:00Z", "closes": "2022-12-10T19:07:00Z"}}, {"model": "class.registrationsettings", "pk": 5, "fields": {"mandatory": true, "auto_approve": true, "capacity": 150, "opens": "2022-11-24T19:00:00Z", "closes": "2022-12-03T19:00:00Z"}}, {"model": "class.registrationsettings", "pk": 6, "fields": {"mandatory": true, "auto_approve": true, "capacity": 150, "opens": "2022-11-25T19:00:00Z", "closes": "2022-12-16T19:00:00Z"}}, {"model": "class.registrationsettings", "pk": 7, "fields": {"mandatory": true, "auto_approve": true, "capacity": 150, "opens": "2022-12-28T13:00:00Z", "closes": "2023-01-09T22:59:00Z"}}, {"model": "class.registrationsettings", "pk": 8, "fields": {"mandatory": false, "auto_approve": true, "capacity": 9999, "opens": "2023-02-01T11:00:00Z", "closes": "2023-02-28T23:00:00Z"}}, {"model": "class.registrationsettings", "pk": 9, "fields": {"mandatory": true, "auto_approve": true, "capacity": 20, "opens": "2023-01-31T23:50:00Z", "closes": "2023-02-28T23:50:00Z"}}, {"model": "class.registrationsettings", "pk": 10, "fields": {"mandatory": true, "auto_approve": true, "capacity": 150, "opens": "2023-05-02T12:00:00Z", "closes": "2023-05-08T21:59:00Z"}}, {"model": "class.registrationsettings", "pk": 11, "fields": {"mandatory": false, "auto_approve": true, "capacity": 9999, "opens": "2022-11-25T17:41:00Z", "closes": "2022-12-24T17:41:00Z"}}, {"model": "class.registrationsettings", "pk": 12, "fields": {"mandatory": true, "auto_approve": true, "capacity": 20, "opens": "2022-11-25T17:43:00Z", "closes": "2022-12-24T17:43:00Z"}}, {"model": "class.registrationsettings", "pk": 13, "fields": {"mandatory": true, "auto_approve": true, "capacity": 150, "opens": "2022-12-28T13:00:00Z", "closes": "2023-01-02T22:59:00Z"}}, {"model": "class.registrationsettings", "pk": 14, "fields": {"mandatory": false, "auto_approve": true, "capacity": 9999, "opens": "2023-02-01T18:08:00Z", "closes": "2023-03-01T18:08:00Z"}}, {"model": "class.registrationsettings", "pk": 15, "fields": {"mandatory": false, "auto_approve": true, "capacity": 9999, "opens": "2023-02-01T18:10:00Z", "closes": "2023-04-01T17:10:00Z"}}, {"model": "class.registrationsettings", "pk": 16, "fields": {"mandatory": true, "auto_approve": true, "capacity": 150, "opens": "2023-03-10T18:16:00Z", "closes": "2023-03-26T21:59:00Z"}}, {"model": "class.registrationsettings", "pk": 17, "fields": {"mandatory": true, "auto_approve": true, "capacity": 150, "opens": "2023-02-22T18:23:00Z", "closes": "2023-03-17T22:59:00Z"}}, {"model": "class.registrationsettings", "pk": 18, "fields": {"mandatory": true, "auto_approve": true, "capacity": 150, "opens": "2023-03-15T18:32:00Z", "closes": "2023-04-16T21:59:00Z"}}, {"model": "class.registrationsettings", "pk": 19, "fields": {"mandatory": true, "auto_approve": true, "capacity": 150, "opens": "2023-05-02T12:00:00Z", "closes": "2023-05-13T21:59:00Z"}}, {"model": "class.registrationsettings", "pk": 20, "fields": {"mandatory": false, "auto_approve": true, "capacity": 9999, "opens": "2022-11-25T19:00:00Z", "closes": "2022-12-24T19:00:00Z"}}, {"model": "class.registrationsettings", "pk": 21, "fields": {"mandatory": true, "auto_approve": true, "capacity": 20, "opens": "2022-11-25T19:01:00Z", "closes": "2022-12-24T19:01:00Z"}}, {"model": "class.registrationsettings", "pk": 22, "fields": {"mandatory": true, "auto_approve": true, "capacity": 150, "opens": "2022-12-08T19:08:00Z", "closes": "2022-12-17T22:59:00Z"}}, {"model": "class.registrationsettings", "pk": 23, "fields": {"mandatory": true, "auto_approve": true, "capacity": 150, "opens": "2022-11-25T19:10:00Z", "closes": "2022-12-26T22:59:00Z"}}, {"model": "class.registrationsettings", "pk": 24, "fields": {"mandatory": true, "auto_approve": true, "capacity": 150, "opens": "2022-12-28T13:00:00Z", "closes": "2023-01-07T22:59:00Z"}}, {"model": "class.registrationsettings", "pk": 25, "fields": {"mandatory": false, "auto_approve": true, "capacity": 9999, "opens": "2022-11-25T19:32:00Z", "closes": "2022-12-24T19:32:00Z"}}, {"model": "class.registrationsettings", "pk": 26, "fields": {"mandatory": true, "auto_approve": true, "capacity": 150, "opens": "2022-12-01T19:33:00Z", "closes": "2022-12-18T22:59:00Z"}}, {"model": "class.registrationsettings", "pk": 27, "fields": {"mandatory": true, "auto_approve": true, "capacity": 150, "opens": "2022-11-25T19:33:00Z", "closes": "2022-12-02T22:59:00Z"}}, {"model": "class.registrationsettings", "pk": 28, "fields": {"mandatory": true, "auto_approve": true, "capacity": 150, "opens": "2022-11-25T19:34:00Z", "closes": "2022-12-09T22:59:00Z"}}, {"model": "class.registrationsettings", "pk": 29, "fields": {"mandatory": true, "auto_approve": true, "capacity": 150, "opens": "2022-11-25T19:35:00Z", "closes": "2022-12-16T22:59:00Z"}}, {"model": "class.registrationsettings", "pk": 30, "fields": {"mandatory": true, "auto_approve": true, "capacity": 150, "opens": "2022-12-28T13:00:00Z", "closes": "2022-12-31T22:59:00Z"}}, {"model": "class.registrationsettings", "pk": 31, "fields": {"mandatory": false, "auto_approve": true, "capacity": 9999, "opens": "2023-02-01T19:51:00Z", "closes": "2023-03-01T19:51:00Z"}}, {"model": "class.registrationsettings", "pk": 32, "fields": {"mandatory": true, "auto_approve": true, "capacity": 20, "opens": "2023-02-01T19:59:00Z", "closes": "2023-03-01T22:59:00Z"}}, {"model": "class.registrationsettings", "pk": 33, "fields": {"mandatory": true, "auto_approve": true, "capacity": 150, "opens": "2023-02-01T20:00:00Z", "closes": "2023-02-28T22:59:00Z"}}, {"model": "class.registrationsettings", "pk": 34, "fields": {"mandatory": true, "auto_approve": true, "capacity": 150, "opens": "2023-03-12T20:02:00Z", "closes": "2023-04-21T21:09:00Z"}}, {"model": "class.registrationsettings", "pk": 35, "fields": {"mandatory": true, "auto_approve": true, "capacity": 150, "opens": "2023-05-02T12:00:00Z", "closes": "2023-05-20T21:59:00Z"}}, {"model": "class.registrationsettings", "pk": 36, "fields": {"mandatory": false, "auto_approve": true, "capacity": 9999, "opens": "2023-02-01T20:17:00Z", "closes": "2023-03-01T20:17:00Z"}}, {"model": "class.registrationsettings", "pk": 37, "fields": {"mandatory": true, "auto_approve": true, "capacity": 150, "opens": "2023-03-07T20:18:00Z", "closes": "2023-04-03T21:00:00Z"}}, {"model": "class.registrationsettings", "pk": 38, "fields": {"mandatory": true, "auto_approve": true, "capacity": 150, "opens": "2023-02-13T20:19:00Z", "closes": "2023-03-17T22:59:00Z"}}, {"model": "class.registrationsettings", "pk": 39, "fields": {"mandatory": true, "auto_approve": true, "capacity": 150, "opens": "2023-03-13T20:21:00Z", "closes": "2023-04-23T19:21:00Z"}}, {"model": "class.registrationsettings", "pk": 40, "fields": {"mandatory": true, "auto_approve": true, "capacity": 150, "opens": "2023-05-02T12:00:00Z", "closes": "2023-05-14T21:59:00Z"}}, {"model": "class.registrationsettings", "pk": 41, "fields": {"mandatory": false, "auto_approve": true, "capacity": 9999, "opens": "2022-11-25T20:32:00Z", "closes": "2022-12-24T20:32:00Z"}}, {"model": "class.registrationsettings", "pk": 42, "fields": {"mandatory": true, "auto_approve": true, "capacity": 150, "opens": "2022-11-25T20:34:00Z", "closes": "2022-12-04T22:59:00Z"}}, {"model": "class.registrationsettings", "pk": 43, "fields": {"mandatory": true, "auto_approve": true, "capacity": 150, "opens": "2022-11-25T20:35:00Z", "closes": "2022-12-23T22:59:00Z"}}, {"model": "class.registrationsettings", "pk": 44, "fields": {"mandatory": true, "auto_approve": true, "capacity": 150, "opens": "2022-12-28T13:00:00Z", "closes": "2023-01-11T22:59:00Z"}}, {"model": "class.registrationsettings", "pk": 45, "fields": {"mandatory": false, "auto_approve": true, "capacity": 9999, "opens": "2022-11-25T20:45:00Z", "closes": "2022-12-24T20:45:00Z"}}, {"model": "class.registrationsettings", "pk": 46, "fields": {"mandatory": false, "auto_approve": true, "capacity": 150, "opens": "2022-11-25T20:47:00Z", "closes": "2022-12-24T20:47:00Z"}}, {"model": "class.registrationsettings", "pk": 47, "fields": {"mandatory": true, "auto_approve": true, "capacity": 150, "opens": "2022-11-28T20:48:00Z", "closes": "2022-12-12T22:59:00Z"}}, {"model": "class.registrationsettings", "pk": 48, "fields": {"mandatory": true, "auto_approve": true, "capacity": 150, "opens": "2022-11-25T20:49:00Z", "closes": "2022-12-21T22:59:00Z"}}, {"model": "class.registrationsettings", "pk": 49, "fields": {"mandatory": true, "auto_approve": true, "capacity": 150, "opens": "2022-12-28T13:00:00Z", "closes": "2023-01-09T22:59:00Z"}}, {"model": "class.registrationsettings", "pk": 50, "fields": {"mandatory": true, "auto_approve": true, "capacity": 90, "opens": "2023-02-01T20:58:00Z", "closes": "2023-03-01T20:58:00Z"}}, {"model": "class.registrationsettings", "pk": 51, "fields": {"mandatory": true, "auto_approve": true, "capacity": 90, "opens": "2023-02-06T20:59:00Z", "closes": "2023-05-19T19:59:00Z"}}, {"model": "class.registrationsettings", "pk": 52, "fields": {"mandatory": false, "auto_approve": true, "capacity": 60, "opens": "2023-02-01T21:04:00Z", "closes": "2023-03-01T21:04:00Z"}}, {"model": "class.registrationsettings", "pk": 53, "fields": {"mandatory": true, "auto_approve": true, "capacity": 60, "opens": "2023-02-20T21:06:00Z", "closes": "2023-03-10T21:06:00Z"}}, {"model": "class.registrationsettings", "pk": 54, "fields": {"mandatory": true, "auto_approve": true, "capacity": 60, "opens": "2023-03-06T21:07:00Z", "closes": "2023-04-21T21:59:00Z"}}, {"model": "class.registrationsettings", "pk": 55, "fields": {"mandatory": true, "auto_approve": true, "capacity": 60, "opens": "2023-05-02T12:00:00Z", "closes": "2023-05-09T21:59:00Z"}}, {"model": "class.registrationsettings", "pk": 56, "fields": {"mandatory": true, "auto_approve": true, "capacity": 20, "opens": "2023-02-01T21:18:00Z", "closes": "2023-03-01T21:18:00Z"}}, {"model": "class.registrationsettings", "pk": 57, "fields": {"mandatory": true, "auto_approve": true, "capacity": 20, "opens": "2023-04-24T20:24:00Z", "closes": "2023-04-30T21:59:00Z"}}, {"model": "class.registrationsettings", "pk": 58, "fields": {"mandatory": false, "auto_approve": true, "capacity": 20, "opens": "2023-02-01T21:33:00Z", "closes": "2023-03-01T21:33:00Z"}}, {"model": "class.registrationsettings", "pk": 59, "fields": {"mandatory": true, "auto_approve": true, "capacity": 20, "opens": "2023-02-20T21:34:00Z", "closes": "2023-03-17T21:34:00Z"}}, {"model": "class.registrationsettings", "pk": 60, "fields": {"mandatory": true, "auto_approve": true, "capacity": 20, "opens": "2023-03-13T21:35:00Z", "closes": "2023-04-14T21:59:00Z"}}, {"model": "class.registrationsettings", "pk": 61, "fields": {"mandatory": true, "auto_approve": true, "capacity": 20, "opens": "2023-05-02T12:00:00Z", "closes": "2023-05-10T21:59:00Z"}}, {"model": "class.registrationsettings", "pk": 62, "fields": {"mandatory": false, "auto_approve": true, "capacity": 90, "opens": "2023-02-01T21:43:00Z", "closes": "2023-03-01T21:43:00Z"}}, {"model": "class.registrationsettings", "pk": 63, "fields": {"mandatory": true, "auto_approve": true, "capacity": 90, "opens": "2023-02-13T21:44:00Z", "closes": "2023-03-03T22:59:00Z"}}, {"model": "class.registrationsettings", "pk": 64, "fields": {"mandatory": true, "auto_approve": true, "capacity": 90, "opens": "2023-02-27T21:45:00Z", "closes": "2023-03-17T22:59:00Z"}}, {"model": "class.registrationsettings", "pk": 65, "fields": {"mandatory": true, "auto_approve": true, "capacity": 90, "opens": "2023-03-13T21:47:00Z", "closes": "2023-03-31T20:47:00Z"}}, {"model": "class.registrationsettings", "pk": 66, "fields": {"mandatory": true, "auto_approve": true, "capacity": 90, "opens": "2023-03-27T20:48:00Z", "closes": "2023-04-28T21:59:00Z"}}, {"model": "class.registrationsettings", "pk": 67, "fields": {"mandatory": false, "auto_approve": true, "capacity": 60, "opens": "2023-02-01T21:56:00Z", "closes": "2023-03-01T21:56:00Z"}}, {"model": "class.registrationsettings", "pk": 68, "fields": {"mandatory": true, "auto_approve": true, "capacity": 60, "opens": "2023-02-13T21:58:00Z", "closes": "2023-02-24T22:59:00Z"}}, {"model": "class.registrationsettings", "pk": 69, "fields": {"mandatory": true, "auto_approve": true, "capacity": 60, "opens": "2023-02-27T21:59:00Z", "closes": "2023-03-10T22:59:00Z"}}, {"model": "class.registrationsettings", "pk": 70, "fields": {"mandatory": true, "auto_approve": true, "capacity": 60, "opens": "2023-03-13T22:01:00Z", "closes": "2023-03-24T22:59:00Z"}}, {"model": "class.registrationsettings", "pk": 71, "fields": {"mandatory": true, "auto_approve": true, "capacity": 60, "opens": "2023-03-27T21:02:00Z", "closes": "2023-04-07T21:59:00Z"}}, {"model": "class.registrationsettings", "pk": 72, "fields": {"mandatory": true, "auto_approve": true, "capacity": 60, "opens": "2023-04-10T21:03:00Z", "closes": "2023-04-23T21:59:00Z"}}, {"model": "class.registrationsettings", "pk": 73, "fields": {"mandatory": true, "auto_approve": true, "capacity": 60, "opens": "2023-04-10T21:04:00Z", "closes": "2023-04-26T21:59:00Z"}}, {"model": "class.registrationsettings", "pk": 74, "fields": {"mandatory": false, "auto_approve": true, "capacity": 60, "opens": "2022-11-25T22:08:00Z", "closes": "2022-12-24T22:08:00Z"}}, {"model": "class.registrationsettings", "pk": 75, "fields": {"mandatory": true, "auto_approve": true, "capacity": 60, "opens": "2022-11-28T22:09:00Z", "closes": "2022-12-02T22:59:00Z"}}, {"model": "class.registrationsettings", "pk": 76, "fields": {"mandatory": true, "auto_approve": true, "capacity": 60, "opens": "2022-12-05T22:10:00Z", "closes": "2022-12-25T22:59:00Z"}}, {"model": "class.registrationsettings", "pk": 77, "fields": {"mandatory": true, "auto_approve": true, "capacity": 60, "opens": "2022-12-26T22:11:00Z", "closes": "2023-01-27T22:59:00Z"}}, {"model": "class.registrationsettings", "pk": 78, "fields": {"mandatory": false, "auto_approve": true, "capacity": 20, "opens": "2023-02-01T22:15:00Z", "closes": "2023-03-01T22:15:00Z"}}, {"model": "class.registrationsettings", "pk": 79, "fields": {"mandatory": true, "auto_approve": true, "capacity": 20, "opens": "2023-03-01T22:16:00Z", "closes": "2023-04-28T21:59:00Z"}}, {"model": "class.registrationsettings", "pk": 80, "fields": {"mandatory": true, "auto_approve": true, "capacity": 20, "opens": "2023-05-02T12:00:00Z", "closes": "2023-05-16T21:59:00Z"}}, {"model": "class.registrationsettings", "pk": 81, "fields": {"mandatory": true, "auto_approve": true, "capacity": 20, "opens": "2023-02-01T22:20:00Z", "closes": "2023-03-01T22:20:00Z"}}, {"model": "class.registrationsettings", "pk": 82, "fields": {"mandatory": false, "auto_approve": true, "capacity": 60, "opens": "2023-02-01T22:24:00Z", "closes": "2023-03-01T22:24:00Z"}}, {"model": "class.registrationsettings", "pk": 83, "fields": {"mandatory": true, "auto_approve": true, "capacity": 60, "opens": "2023-03-22T22:25:00Z", "closes": "2023-04-02T21:59:00Z"}}, {"model": "class.registrationsettings", "pk": 84, "fields": {"mandatory": true, "auto_approve": true, "capacity": 60, "opens": "2023-02-27T22:26:00Z", "closes": "2023-03-17T22:59:00Z"}}, {"model": "class.registrationsettings", "pk": 85, "fields": {"mandatory": true, "auto_approve": true, "capacity": 60, "opens": "2023-03-20T22:27:00Z", "closes": "2023-04-28T21:59:00Z"}}, {"model": "class.typeofclass", "pk": "C", "fields": {"name": "Credit", "description": "Internal representation of credit"}}, {"model": "class.typeofclass", "pk": "DE", "fields": {"name": "Demo exercise", "description": "Lectures with exercises"}}, {"model": "class.typeofclass", "pk": "E", "fields": {"name": "Exercise", "description": "Lab exerices"}}, {"model": "class.typeofclass", "pk": "Ex", "fields": {"name": "Exam", "description": "Semestral exam"}}, {"model": "class.typeofclass", "pk": "HE", "fields": {"name": "Half exam", "description": "Exam in the middle of semester"}}, {"model": "class.typeofclass", "pk": "L", "fields": {"name": "Lecture", "description": "Just lectures"}}, {"model": "class.typeofclass", "pk": "P", "fields": {"name": "Project", "description": "Internal representation of project."}}, {"model": "class.class", "pk": 1, "fields": {"course": "IZP", "type": "L", "name": "Prednáška", "description": "Prednáška k predmetu IZP", "registration": 1, "rooms": [1]}}, {"model": "class.class", "pk": 2, "fields": {"course": "IZP", "type": "DE", "name": "Democvičenie", "description": "Democvičenie na lepšie pochopenie a doplnenie prednášky", "registration": 2, "rooms": [1]}}, {"model": "class.class", "pk": 3, "fields": {"course": "IZP", "type": "E", "name": "Cvičenie", "description": "Praktické cvičenie na samostatné precvičenie", "registration": 3, "rooms": [10]}}, {"model": "class.class", "pk": 4, "fields": {"course": "IZP", "type": "HE", "name": "Polsemestrálna skúška", "description": "Polsemestrálna skúška má za účel preveriť doposiaľ získané znalosti počas semestra", "registration": 4, "rooms": [1]}}, {"model": "class.class", "pk": 5, "fields": {"course": "IZP", "type": "P", "name": "Projekt 1", "description": "Prvý projekt do predmetu IZP", "registration": 5, "rooms": []}}, {"model": "class.class", "pk": 7, "fields": {"course": "IZP", "type": "P", "name": "Projekt 2", "description": "Druhý projekt do predmetu IZP", "registration": 6, "rooms": []}}, {"model": "class.class", "pk": 8, "fields": {"course": "IZP", "type": "Ex", "name": "Záverečná skúška", "description": "Záverečná skúška z predmetu IZP, ktorá má za úlohu preveriť získané znalosti z celého semestru", "registration": 7, "rooms": [2]}}, {"model": "class.class", "pk": 9, "fields": {"course": "IMA1", "type": "L", "name": "Prednáška", "description": "Prednáška k predmetu IMA1", "registration": 8, "rooms": [1]}}, {"model": "class.class", "pk": 10, "fields": {"course": "IMA1", "type": "E", "name": "Cvičenie", "description": "Praktické cvičenie na samostatné precvičenie", "registration": 9, "rooms": [8]}}, {"model": "class.class", "pk": 11, "fields": {"course": "IMA1", "type": "Ex", "name": "Záverečná skúška", "description": "Záverečná skúška z predmetu IMA1, ktorá má za úlohu preveriť získané znalosti z celého semestru", "registration": 10, "rooms": [1]}}, {"model": "class.class", "pk": 12, "fields": {"course": "ILG", "type": "L", "name": "Prednáška", "description": "Prednáška k predmetu ILG", "registration": 11, "rooms": [2]}}, {"model": "class.class", "pk": 13, "fields": {"course": "ILG", "type": "E", "name": "Cvičenie", "description": "Praktické cvičenie na samostatné precvičenie", "registration": 12, "rooms": [2]}}, {"model": "class.class", "pk": 14, "fields": {"course": "ILG", "type": "Ex", "name": "Záverečná skúška", "description": "Záverečná skúška z predmetu ILG, ktorá má za úlohu preveriť získané znalosti z celého semestru", "registration": 13, "rooms": [5]}}, {"model": "class.class", "pk": 15, "fields": {"course": "IOS", "type": "L", "name": "Prednáška", "description": "Prednáška k predmetu IOS", "registration": 14, "rooms": [1]}}, {"model": "class.class", "pk": 16, "fields": {"course": "IOS", "type": "DE", "name": "Democvičenie", "description": "Democvičenie na lepšie pochopenie a doplnenie prednášky", "registration": 15, "rooms": [1]}}, {"model": "class.class", "pk": 17, "fields": {"course": "IOS", "type": "HE", "name": "Polsemestrálna skúška", "description": "Polsemestrálna skúška má za účel preveriť doposiaľ získané znalosti počas semestra", "registration": 16, "rooms": [1]}}, {"model": "class.class", "pk": 18, "fields": {"course": "IOS", "type": "P", "name": "Projekt 1", "description": "Prvý projekt do predmetu IOS", "registration": 17, "rooms": []}}, {"model": "class.class", "pk": 19, "fields": {"course": "IOS", "type": "P", "name": "Projekt 2", "description": "Druhý projekt do predmetu IOS", "registration": 18, "rooms": []}}, {"model": "class.class", "pk": 20, "fields": {"course": "IOS", "type": "Ex", "name": "Záverečná skúška", "description": "Záverečná skúška z predmetu IOS, ktorá má za úlohu preveriť získané znalosti z celého semestru", "registration": 19, "rooms": [1]}}, {"model": "class.class", "pk": 21, "fields": {"course": "ISS", "type": "L", "name": "Prednáška", "description": "Prednáška k predmetu ISS", "registration": 20, "rooms": [1]}}, {"model": "class.class", "pk": 22, "fields": {"course": "ISS", "type": "E", "name": "Cvičenie", "description": "Praktické cvičenie na samostatné precvičenie", "registration": 21, "rooms": [14]}}, {"model": "class.class", "pk": 23, "fields": {"course": "ISS", "type": "HE", "name": "Polsemestrálna skúška", "description": "Polsemestrálna skúška má za účel preveriť doposiaľ získané znalosti počas semestra", "registration": 22, "rooms": [2]}}, {"model": "class.class", "pk": 24, "fields": {"course": "ISS", "type": "P", "name": "Projekt 1", "description": "Prvý projekt do predmetu ISS", "registration": 23, "rooms": []}}, {"model": "class.class", "pk": 25, "fields": {"course": "ISS", "type": "Ex", "name": "Záverečná skúška", "description": "Záverečná skúška z predmetu ISS, ktorá má za úlohu preveriť získané znalosti z celého semestru", "registration": 24, "rooms": [3]}}, {"model": "class.class", "pk": 26, "fields": {"course": "IAL", "type": "L", "name": "Prednáška", "description": "Prednáška k predmetu IAL", "registration": 25, "rooms": [2]}}, {"model": "class.class", "pk": 27, "fields": {"course": "IAL", "type": "HE", "name": "Polsemestrálna skúška", "description": "Polsemestrálna skúška má za účel preveriť doposiaľ získané znalosti počas semestra", "registration": 26, "rooms": [2]}}, {"model": "class.class", "pk": 28, "fields": {"course": "IAL", "type": "P", "name": "Projekt 1", "description": "Prvý projekt do predmetu IAL", "registration": 27, "rooms": []}}, {"model": "class.class", "pk": 29, "fields": {"course": "IAL", "type": "P", "name": "Projekt 2", "description": "Druhý projekt do predmetu IAL", "registration": 28, "rooms": []}}, {"model": "class.class", "pk": 30, "fields": {"course": "IAL", "type": "P", "name": "Záverečný projekt", "description": "Záverečný projekt do predmetu IAL", "registration": 29, "rooms": []}}, {"model": "class.class", "pk": 31, "fields": {"course": "IAL", "type": "Ex", "name": "Záverečná skúška", "description": "Záverečná skúška z predmetu IAL, ktorá má za úlohu preveriť získané znalosti z celého semestru", "registration": 30, "rooms": [2]}}, {"model": "class.class", "pk": 32, "fields": {"course": "IZG", "type": "L", "name": "Prednáška", "description": "Prednáška k predmetu IZG", "registration": 31, "rooms": [1]}}, {"model": "class.class", "pk": 33, "fields": {"course": "IZG", "type": "E", "name": "Cvičenie", "description": "Praktické cvičenie na samostatné precvičenie", "registration": 32, "rooms": [15]}}, {"model": "class.class", "pk": 34, "fields": {"course": "IZG", "type": "HE", "name": "Polsemestrálna skúška", "description": "Polsemestrálna skúška má za účel preveriť doposiaľ získané znalosti počas semestra", "registration": 33, "rooms": [1]}}, {"model": "class.class", "pk": 35, "fields": {"course": "IZG", "type": "P", "name": "Projekt 1", "description": "Prvý projekt do predmetu IZG", "registration": 34, "rooms": []}}, {"model": "class.class", "pk": 36, "fields": {"course": "IZG", "type": "Ex", "name": "Záverečná skúška", "description": "Záverečná skúška z predmetu IZG, ktorá má za úlohu preveriť získané znalosti z celého semestru", "registration": 35, "rooms": [1]}}, {"model": "class.class", "pk": 37, "fields": {"course": "IPP", "type": "L", "name": "Prednáška", "description": "Prednáška k predmetu IPP", "registration": 36, "rooms": [1]}}, {"model": "class.class", "pk": 38, "fields": {"course": "IPP", "type": "HE", "name": "Polsemestrálna skúška", "description": "Polsemestrálna skúška má za účel preveriť doposiaľ získané znalosti počas semestra", "registration": 37, "rooms": [1]}}, {"model": "class.class", "pk": 39, "fields": {"course": "IPP", "type": "P", "name": "Projekt 1", "description": "Prvý projekt do predmetu IPP", "registration": 38, "rooms": []}}, {"model": "class.class", "pk": 40, "fields": {"course": "IPP", "type": "P", "name": "Projekt 2", "description": "Druhý projekt do predmetu IPP", "registration": 39, "rooms": []}}, {"model": "class.class", "pk": 41, "fields": {"course": "IPP", "type": "Ex", "name": "Záverečná skúška", "description": "Záverečná skúška z predmetu IPP, ktorá má za úlohu preveriť získané znalosti z celého semestru", "registration": 40, "rooms": [1]}}, {"model": "class.class", "pk": 42, "fields": {"course": "IIS", "type": "L", "name": "Prednáška", "description": "Prednáška k predmetu IIS", "registration": 41, "rooms": [5]}}, {"model": "class.class", "pk": 43, "fields": {"course": "IIS", "type": "HE", "name": "Polsemestrálna skúška", "description": "Polsemestrálna skúška má za účel preveriť doposiaľ získané znalosti počas semestra", "registration": 42, "rooms": [5]}}, {"model": "class.class", "pk": 44, "fields": {"course": "IIS", "type": "P", "name": "Projekt 1", "description": "Prvý projekt do predmetu IIS", "registration": 43, "rooms": []}}, {"model": "class.class", "pk": 45, "fields": {"course": "IIS", "type": "Ex", "name": "Záverečná skúška", "description": "Záverečná skúška z predmetu IIS, ktorá má za úlohu preveriť získané znalosti z celého semestru", "registration": 44, "rooms": [5]}}, {"model": "class.class", "pk": 46, "fields": {"course": "IMS", "type": "L", "name": "Prednáška", "description": "Prednáška k predmetu IMS", "registration": 45, "rooms": [5]}}, {"model": "class.class", "pk": 47, "fields": {"course": "IMS", "type": "DE", "name": "Democvičenie", "description": "Democvičenie na lepšie pochopenie a doplnenie prednášky", "registration": 46, "rooms": [5]}}, {"model": "class.class", "pk": 48, "fields": {"course": "IMS", "type": "HE", "name": "Polsemestrálna skúška", "description": "Polsemestrálna skúška má za účel preveriť doposiaľ získané znalosti počas semestra", "registration": 47, "rooms": [5]}}, {"model": "class.class", "pk": 49, "fields": {"course": "IMS", "type": "P", "name": "Projekt 1", "description": "Prvý projekt do predmetu IMS", "registration": 48, "rooms": []}}, {"model": "class.class", "pk": 50, "fields": {"course": "IMS", "type": "Ex", "name": "Záverečná skúška", "description": "Záverečná skúška z predmetu IMS, ktorá má za úlohu preveriť získané znalosti z celého semestru", "registration": 49, "rooms": [5]}}, {"model": "class.class", "pk": 51, "fields": {"course": "ICP", "type": "DE", "name": "Democvičenie", "description": "Seminár k predmetu ICP", "registration": 50, "rooms": [6]}}, {"model": "class.class", "pk": 52, "fields": {"course": "ICP", "type": "P", "name": "Záverečný projekt", "description": "Záverečný projekt do predmetu ICP", "registration": 51, "rooms": []}}, {"model": "class.class", "pk": 53, "fields": {"course": "IJC", "type": "L", "name": "Prednáška", "description": "Prednáška k predmetu IJC", "registration": 52, "rooms": [3]}}, {"model": "class.class", "pk": 54, "fields": {"course": "IJC", "type": "P", "name": "Projekt 1", "description": "Prvý projekt do predmetu IJC", "registration": 53, "rooms": []}}, {"model": "class.class", "pk": 55, "fields": {"course": "IJC", "type": "P", "name": "Projekt 2", "description": "Druhý projekt do predmetu IJC", "registration": 54, "rooms": []}}, {"model": "class.class", "pk": 56, "fields": {"course": "IJC", "type": "Ex", "name": "Záverečná skúška", "description": "Záverečná skúška z predmetu IJC, ktorá má za úlohu preveriť získané znalosti z celého semestru", "registration": 55, "rooms": [6]}}, {"model": "class.class", "pk": 57, "fields": {"course": "BAN4", "type": "E", "name": "Cvičenie", "description": "Konverzačné cvičenie", "registration": 56, "rooms": [17]}}, {"model": "class.class", "pk": 58, "fields": {"course": "BAN4", "type": "Ex", "name": "Záverečná skúška", "description": "Záverečná skúška z predmetu BAN4, ktorá má za úlohu preveriť získané znalosti z celého semestru", "registration": 57, "rooms": [8]}}, {"model": "class.class", "pk": 59, "fields": {"course": "ITS", "type": "L", "name": "Prednáška", "description": "Prednáška k predmetu ITS", "registration": 58, "rooms": [14]}}, {"model": "class.class", "pk": 60, "fields": {"course": "ITS", "type": "P", "name": "Projekt 1", "description": "Prvý projekt do predmetu ITS", "registration": 59, "rooms": []}}, {"model": "class.class", "pk": 61, "fields": {"course": "ITS", "type": "P", "name": "Projekt 2", "description": "Druhý projekt do predmetu ITS", "registration": 60, "rooms": []}}, {"model": "class.class", "pk": 62, "fields": {"course": "ITS", "type": "Ex", "name": "Záverečná skúška", "description": "Záverečná skúška z predmetu ITS, ktorá má za úlohu preveriť získané znalosti z celého semestru", "registration": 61, "rooms": [8]}}, {"model": "class.class", "pk": 63, "fields": {"course": "IJA", "type": "DE", "name": "Democvičenie", "description": "Seminár k predmetu IJA", "registration": 62, "rooms": [6]}}, {"model": "class.class", "pk": 64, "fields": {"course": "IJA", "type": "P", "name": "Projekt 1", "description": "Prvý projekt do predmetu IJA", "registration": 63, "rooms": []}}, {"model": "class.class", "pk": 65, "fields": {"course": "IJA", "type": "P", "name": "Projekt 2", "description": "Druhý projekt do predmetu IJA", "registration": 64, "rooms": []}}, {"model": "class.class", "pk": 66, "fields": {"course": "IJA", "type": "P", "name": "Projekt 3", "description": "Tretí projekt do predmetu IJA", "registration": 65, "rooms": []}}, {"model": "class.class", "pk": 67, "fields": {"course": "IJA", "type": "P", "name": "Záverečný projekt", "description": "Záverečný projekt do predmetu IJA", "registration": 66, "rooms": []}}, {"model": "class.class", "pk": 68, "fields": {"course": "ITY", "type": "L", "name": "Prednáška", "description": "Prednáška k predmetu ITY", "registration": 67, "rooms": [7]}}, {"model": "class.class", "pk": 69, "fields": {"course": "ITY", "type": "P", "name": "Projekt 1", "description": "Prvý projekt do predmetu ITY", "registration": 68, "rooms": []}}, {"model": "class.class", "pk": 70, "fields": {"course": "ITY", "type": "P", "name": "Projekt 2", "description": "Druhý projekt do predmetu ITY", "registration": 69, "rooms": []}}, {"model": "class.class", "pk": 71, "fields": {"course": "ITY", "type": "P", "name": "Projekt 3", "description": "Tretí projekt do predmetu ITY", "registration": 70, "rooms": []}}, {"model": "class.class", "pk": 72, "fields": {"course": "ITY", "type": "P", "name": "Projekt 4", "description": "Štvrtý projekt do predmetu ITY", "registration": 71, "rooms": []}}, {"model": "class.class", "pk": 73, "fields": {"course": "ITY", "type": "P", "name": "Projekt 5", "description": "Piaty projekt do predmetu ITY", "registration": 72, "rooms": []}}, {"model": "class.class", "pk": 74, "fields": {"course": "ITY", "type": "Ex", "name": "Záverecný test", "description": "Záverečný test z predmetu ITY, ktorá má za úlohu preveriť získané znalosti z celého semestru", "registration": 73, "rooms": []}}, {"model": "class.class", "pk": 75, "fields": {"course": "IZV", "type": "L", "name": "Prednáška", "description": "Prednáška k predmetu IZV", "registration": 74, "rooms": [3]}}, {"model": "class.class", "pk": 76, "fields": {"course": "IZV", "type": "P", "name": "Projekt 1", "description": "Prvý projekt do predmetu IZV", "registration": 75, "rooms": []}}, {"model": "class.class", "pk": 77, "fields": {"course": "IZV", "type": "P", "name": "Projekt 2", "description": "Druhý projekt do predmetu IZV", "registration": 76, "rooms": []}}, {"model": "class.class", "pk": 78, "fields": {"course": "IZV", "type": "P", "name": "Záverečný projekt", "description": "Záverečný projekt do predmetu IZV", "registration": 77, "rooms": []}}, {"model": "class.class", "pk": 79, "fields": {"course": "IZA", "type": "L", "name": "Prednáška", "description": "Prednáška k predmetu IZA", "registration": 78, "rooms": [11]}}, {"model": "class.class", "pk": 80, "fields": {"course": "IZA", "type": "P", "name": "Projekt 1", "description": "Prvý projekt do predmetu IZA", "registration": 79, "rooms": []}}, {"model": "class.class", "pk": 81, "fields": {"course": "IZA", "type": "Ex", "name": "Záverečná skúška", "description": "Záverečná skúška z predmetu IZA, ktorá má za úlohu preveriť získané znalosti z celého semestru", "registration": 80, "rooms": [11]}}, {"model": "class.class", "pk": 82, "fields": {"course": "IZA", "type": "E", "name": "Cvičenie", "description": "Praktické cvičenie na samostatné precvičenie", "registration": 81, "rooms": [11]}}, {"model": "class.class", "pk": 83, "fields": {"course": "IVS", "type": "L", "name": "Prednáška", "description": "Prednáška k predmetu IVS", "registration": 82, "rooms": [9]}}, {"model": "class.class", "pk": 84, "fields": {"course": "IVS", "type": "HE", "name": "Polsemestrálna skúška", "description": "Polsemestrálna skúška má za účel preveriť doposiaľ získané znalosti počas semestra", "registration": 83, "rooms": [5]}}, {"model": "class.class", "pk": 85, "fields": {"course": "IVS", "type": "P", "name": "Projekt 1", "description": "Prvý projekt do predmetu IVS", "registration": 84, "rooms": []}}, {"model": "class.class", "pk": 86, "fields": {"course": "IVS", "type": "P", "name": "Záverečný projekt", "description": "Záverečný projekt do predmetu IVS", "registration": 85, "rooms": []}}, {"model": "class.classdates", "pk": 7, "fields": {"class_id": 1, "date_from": "2022-11-28T08:00:00Z", "date_to": "2022-11-28T09:50:00Z"}}, {"model": "class.classdates", "pk": 10, "fields": {"class_id": 2, "date_from": "2022-11-28T10:00:00Z", "date_to": "2022-11-28T10:50:00Z"}}, {"model": "class.classdates", "pk": 13, "fields": {"class_id": 3, "date_from": "2022-12-01T09:00:00Z", "date_to": "2022-12-01T10:50:00Z"}}, {"model": "class.classdates", "pk": 14, "fields": {"class_id": 4, "date_from": "2022-12-09T15:00:00Z", "date_to": "2022-12-09T16:50:00Z"}}, {"model": "class.classdates", "pk": 16, "fields": {"class_id": 7, "date_from": "2022-12-04T23:00:00Z", "date_to": "2022-12-18T22:59:00Z"}}, {"model": "class.classdates", "pk": 24, "fields": {"class_id": 12, "date_from": "2022-11-29T09:00:00Z", "date_to": "2022-11-29T10:50:00Z"}}, {"model": "class.classdates", "pk": 25, "fields": {"class_id": 13, "date_from": "2022-11-29T11:00:00Z", "date_to": "2022-11-29T12:50:00Z"}}, {"model": "class.classdates", "pk": 26, "fields": {"class_id": 14, "date_from": "2023-01-04T08:00:00Z", "date_to": "2023-01-04T09:50:00Z"}}, {"model": "class.classdates", "pk": 27, "fields": {"class_id": 8, "date_from": "2023-01-11T10:00:00Z", "date_to": "2023-01-11T12:50:00Z"}}, {"model": "class.classdates", "pk": 33, "fields": {"class_id": 20, "date_from": "2023-05-15T07:00:00Z", "date_to": "2023-05-15T11:50:00Z"}}, {"model": "class.classdates", "pk": 34, "fields": {"class_id": 9, "date_from": "2023-02-06T07:00:00Z", "date_to": "2023-02-06T08:50:00Z"}}, {"model": "class.classdates", "pk": 35, "fields": {"class_id": 10, "date_from": "2023-02-06T09:00:00Z", "date_to": "2023-02-06T10:50:00Z"}}, {"model": "class.classdates", "pk": 36, "fields": {"class_id": 11, "date_from": "2023-05-10T10:00:00Z", "date_to": "2023-05-10T11:50:00Z"}}, {"model": "class.classdates", "pk": 38, "fields": {"class_id": 22, "date_from": "2022-12-01T10:00:00Z", "date_to": "2022-12-01T11:50:00Z"}}, {"model": "class.classdates", "pk": 39, "fields": {"class_id": 23, "date_from": "2022-12-19T14:00:00Z", "date_to": "2022-12-19T15:50:00Z"}}, {"model": "class.classdates", "pk": 40, "fields": {"class_id": 24, "date_from": "2022-11-25T18:14:00Z", "date_to": "2022-12-28T22:59:00Z"}}, {"model": "class.classdates", "pk": 41, "fields": {"class_id": 25, "date_from": "2023-01-09T08:00:00Z", "date_to": "2023-01-09T10:50:00Z"}}, {"model": "class.classdates", "pk": 43, "fields": {"class_id": 27, "date_from": "2022-12-20T12:00:00Z", "date_to": "2022-12-20T13:50:00Z"}}, {"model": "class.classdates", "pk": 44, "fields": {"class_id": 28, "date_from": "2022-11-25T18:14:00Z", "date_to": "2022-12-04T22:59:00Z"}}, {"model": "class.classdates", "pk": 45, "fields": {"class_id": 29, "date_from": "2022-11-25T18:14:00Z", "date_to": "2022-12-11T22:59:00Z"}}, {"model": "class.classdates", "pk": 46, "fields": {"class_id": 30, "date_from": "2022-11-25T18:14:00Z", "date_to": "2022-12-18T22:59:00Z"}}, {"model": "class.classdates", "pk": 47, "fields": {"class_id": 31, "date_from": "2023-01-02T16:00:00Z", "date_to": "2023-01-02T17:50:00Z"}}, {"model": "class.classdates", "pk": 48, "fields": {"class_id": 32, "date_from": "2023-02-07T15:00:00Z", "date_to": "2023-02-07T17:50:00Z"}}, {"model": "class.classdates", "pk": 49, "fields": {"class_id": 33, "date_from": "2023-02-08T11:00:00Z", "date_to": "2023-02-08T12:50:00Z"}}, {"model": "class.classdates", "pk": 50, "fields": {"class_id": 34, "date_from": "2023-03-02T15:00:00Z", "date_to": "2023-03-02T15:50:00Z"}}, {"model": "class.classdates", "pk": 51, "fields": {"class_id": 35, "date_from": "2023-03-13T18:14:00Z", "date_to": "2023-04-23T21:59:00Z"}}, {"model": "class.classdates", "pk": 52, "fields": {"class_id": 36, "date_from": "2023-05-22T11:00:00Z", "date_to": "2023-05-22T12:50:00Z"}}, {"model": "class.classdates", "pk": 53, "fields": {"class_id": 37, "date_from": "2023-02-07T12:00:00Z", "date_to": "2023-02-07T14:50:00Z"}}, {"model": "class.classdates", "pk": 54, "fields": {"class_id": 38, "date_from": "2023-04-05T15:00:00Z", "date_to": "2023-04-05T15:50:00Z"}}, {"model": "class.classdates", "pk": 55, "fields": {"class_id": 39, "date_from": "2023-02-13T18:14:00Z", "date_to": "2023-03-19T22:59:00Z"}}, {"model": "class.classdates", "pk": 56, "fields": {"class_id": 40, "date_from": "2023-03-13T18:14:00Z", "date_to": "2023-04-23T21:59:00Z"}}, {"model": "class.classdates", "pk": 57, "fields": {"class_id": 41, "date_from": "2023-05-16T07:00:00Z", "date_to": "2023-05-16T09:50:00Z"}}, {"model": "class.classdates", "pk": 58, "fields": {"class_id": 42, "date_from": "2022-12-01T07:00:00Z", "date_to": "2022-12-01T08:50:00Z"}}, {"model": "class.classdates", "pk": 59, "fields": {"class_id": 43, "date_from": "2022-12-06T14:00:00Z", "date_to": "2022-12-06T14:50:00Z"}}, {"model": "class.classdates", "pk": 60, "fields": {"class_id": 44, "date_from": "2022-11-25T18:14:00Z", "date_to": "2022-12-25T22:59:00Z"}}, {"model": "class.classdates", "pk": 61, "fields": {"class_id": 45, "date_from": "2023-01-13T14:00:00Z", "date_to": "2023-01-13T15:50:00Z"}}, {"model": "class.classdates", "pk": 62, "fields": {"class_id": 46, "date_from": "2022-12-01T17:00:00Z", "date_to": "2022-12-01T19:50:00Z"}}, {"model": "class.classdates", "pk": 63, "fields": {"class_id": 47, "date_from": "2022-12-02T18:00:00Z", "date_to": "2022-12-02T19:50:00Z"}}, {"model": "class.classdates", "pk": 64, "fields": {"class_id": 48, "date_from": "2022-12-14T18:00:00Z", "date_to": "2022-12-14T18:50:00Z"}}, {"model": "class.classdates", "pk": 65, "fields": {"class_id": 49, "date_from": "2022-11-25T18:14:00Z", "date_to": "2022-12-19T22:59:00Z"}}, {"model": "class.classdates", "pk": 66, "fields": {"class_id": 50, "date_from": "2023-01-11T13:00:00Z", "date_to": "2023-01-11T16:50:00Z"}}, {"model": "class.classdates", "pk": 67, "fields": {"class_id": 51, "date_from": "2023-02-14T15:00:00Z", "date_to": "2023-02-14T16:50:00Z"}}, {"model": "class.classdates", "pk": 68, "fields": {"class_id": 52, "date_from": "2023-02-06T18:14:00Z", "date_to": "2023-05-21T21:59:00Z"}}, {"model": "class.classdates", "pk": 69, "fields": {"class_id": 53, "date_from": "2023-02-15T15:00:00Z", "date_to": "2023-02-15T17:50:00Z"}}, {"model": "class.classdates", "pk": 70, "fields": {"class_id": 54, "date_from": "2023-02-20T18:14:00Z", "date_to": "2023-03-12T22:59:00Z"}}, {"model": "class.classdates", "pk": 71, "fields": {"class_id": 55, "date_from": "2023-03-06T18:14:00Z", "date_to": "2023-04-23T21:59:00Z"}}, {"model": "class.classdates", "pk": 72, "fields": {"class_id": 56, "date_from": "2023-05-11T14:00:00Z", "date_to": "2023-05-11T15:50:00Z"}}, {"model": "class.classdates", "pk": 73, "fields": {"class_id": 57, "date_from": "2023-02-07T08:00:00Z", "date_to": "2023-02-07T09:50:00Z"}}, {"model": "class.classdates", "pk": 74, "fields": {"class_id": 58, "date_from": "2023-05-02T07:00:00Z", "date_to": "2023-05-02T08:50:00Z"}}, {"model": "class.classdates", "pk": 75, "fields": {"class_id": 59, "date_from": "2023-02-09T16:00:00Z", "date_to": "2023-02-09T17:50:00Z"}}, {"model": "class.classdates", "pk": 76, "fields": {"class_id": 60, "date_from": "2023-02-20T18:14:00Z", "date_to": "2023-03-19T22:59:00Z"}}, {"model": "class.classdates", "pk": 77, "fields": {"class_id": 61, "date_from": "2023-03-13T18:14:00Z", "date_to": "2023-04-16T21:59:00Z"}}, {"model": "class.classdates", "pk": 78, "fields": {"class_id": 62, "date_from": "2023-05-12T07:00:00Z", "date_to": "2023-05-12T08:50:00Z"}}, {"model": "class.classdates", "pk": 79, "fields": {"class_id": 63, "date_from": "2023-02-08T07:00:00Z", "date_to": "2023-02-08T09:50:00Z"}}, {"model": "class.classdates", "pk": 80, "fields": {"class_id": 64, "date_from": "2023-02-13T18:14:00Z", "date_to": "2023-03-05T22:59:00Z"}}, {"model": "class.classdates", "pk": 81, "fields": {"class_id": 65, "date_from": "2023-02-27T18:14:00Z", "date_to": "2023-03-19T22:59:00Z"}}, {"model": "class.classdates", "pk": 82, "fields": {"class_id": 66, "date_from": "2023-03-13T18:14:00Z", "date_to": "2023-04-02T19:04:00Z"}}, {"model": "class.classdates", "pk": 83, "fields": {"class_id": 67, "date_from": "2023-03-27T17:14:00Z", "date_to": "2023-04-30T21:59:00Z"}}, {"model": "class.classdates", "pk": 84, "fields": {"class_id": 68, "date_from": "2023-02-10T11:00:00Z", "date_to": "2023-02-10T12:50:00Z"}}, {"model": "class.classdates", "pk": 85, "fields": {"class_id": 69, "date_from": "2023-02-13T18:14:00Z", "date_to": "2023-02-26T22:59:00Z"}}, {"model": "class.classdates", "pk": 86, "fields": {"class_id": 70, "date_from": "2023-02-27T18:14:00Z", "date_to": "2023-03-12T22:59:00Z"}}, {"model": "class.classdates", "pk": 87, "fields": {"class_id": 71, "date_from": "2023-03-13T18:14:00Z", "date_to": "2023-03-26T21:59:00Z"}}, {"model": "class.classdates", "pk": 88, "fields": {"class_id": 72, "date_from": "2023-03-27T17:14:00Z", "date_to": "2023-04-09T21:59:00Z"}}, {"model": "class.classdates", "pk": 89, "fields": {"class_id": 73, "date_from": "2023-04-10T17:14:00Z", "date_to": "2023-04-23T21:59:00Z"}}, {"model": "class.classdates", "pk": 90, "fields": {"class_id": 74, "date_from": "2023-04-28T13:00:00Z", "date_to": "2023-04-28T13:50:00Z"}}, {"model": "class.classdates", "pk": 91, "fields": {"class_id": 75, "date_from": "2022-11-30T16:00:00Z", "date_to": "2022-11-30T17:50:00Z"}}, {"model": "class.classdates", "pk": 92, "fields": {"class_id": 76, "date_from": "2022-11-28T18:14:00Z", "date_to": "2022-12-04T22:59:00Z"}}, {"model": "class.classdates", "pk": 93, "fields": {"class_id": 77, "date_from": "2022-12-05T18:14:00Z", "date_to": "2022-12-25T22:59:00Z"}}, {"model": "class.classdates", "pk": 94, "fields": {"class_id": 78, "date_from": "2022-12-26T18:14:00Z", "date_to": "2023-01-29T22:59:00Z"}}, {"model": "class.classdates", "pk": 95, "fields": {"class_id": 79, "date_from": "2023-02-16T14:00:00Z", "date_to": "2023-02-16T15:50:00Z"}}, {"model": "class.classdates", "pk": 96, "fields": {"class_id": 80, "date_from": "2023-03-01T18:14:00Z", "date_to": "2023-04-30T21:59:00Z"}}, {"model": "class.classdates", "pk": 97, "fields": {"class_id": 81, "date_from": "2023-05-18T11:00:00Z", "date_to": "2023-05-18T12:50:00Z"}}, {"model": "class.classdates", "pk": 98, "fields": {"class_id": 82, "date_from": "2023-02-17T08:00:00Z", "date_to": "2023-02-17T09:50:00Z"}}, {"model": "class.classdates", "pk": 99, "fields": {"class_id": 83, "date_from": "2023-02-14T14:00:00Z", "date_to": "2023-02-14T15:50:00Z"}}, {"model": "class.classdates", "pk": 100, "fields": {"class_id": 84, "date_from": "2023-04-04T10:00:00Z", "date_to": "2023-04-04T10:50:00Z"}}, {"model": "class.classdates", "pk": 101, "fields": {"class_id": 85, "date_from": "2023-02-27T18:14:00Z", "date_to": "2023-03-19T22:59:00Z"}}, {"model": "class.classdates", "pk": 102, "fields": {"class_id": 86, "date_from": "2023-03-20T18:14:00Z", "date_to": "2023-04-30T21:59:00Z"}}, {"model": "class.classdates", "pk": 103, "fields": {"class_id": 1, "date_from": "2022-12-05T08:00:00Z", "date_to": "2022-12-05T09:50:00Z"}}, {"model": "class.classdates", "pk": 104, "fields": {"class_id": 1, "date_from": "2022-12-12T08:00:00Z", "date_to": "2022-12-12T09:50:00Z"}}, {"model": "class.classdates", "pk": 105, "fields": {"class_id": 1, "date_from": "2022-12-19T08:00:00Z", "date_to": "2022-12-19T09:50:00Z"}}, {"model": "class.classdates", "pk": 106, "fields": {"class_id": 2, "date_from": "2022-12-05T10:00:00Z", "date_to": "2022-12-05T10:50:00Z"}}, {"model": "class.classdates", "pk": 107, "fields": {"class_id": 2, "date_from": "2022-12-12T10:00:00Z", "date_to": "2022-12-12T10:50:00Z"}}, {"model": "class.classdates", "pk": 108, "fields": {"class_id": 2, "date_from": "2022-12-19T10:00:00Z", "date_to": "2022-12-19T10:50:00Z"}}, {"model": "class.classdates", "pk": 109, "fields": {"class_id": 3, "date_from": "2022-12-08T09:00:00Z", "date_to": "2022-12-08T10:50:00Z"}}, {"model": "class.classdates", "pk": 110, "fields": {"class_id": 3, "date_from": "2022-12-15T09:00:00Z", "date_to": "2022-12-15T10:50:00Z"}}, {"model": "class.classdates", "pk": 111, "fields": {"class_id": 3, "date_from": "2022-12-22T09:00:00Z", "date_to": "2022-12-22T10:50:00Z"}}, {"model": "class.classdates", "pk": 112, "fields": {"class_id": 12, "date_from": "2022-12-06T09:00:00Z", "date_to": "2022-12-06T10:50:00Z"}}, {"model": "class.classdates", "pk": 113, "fields": {"class_id": 12, "date_from": "2022-12-13T09:00:00Z", "date_to": "2022-12-13T10:50:00Z"}}, {"model": "class.classdates", "pk": 114, "fields": {"class_id": 12, "date_from": "2022-12-20T09:00:00Z", "date_to": "2022-12-20T10:50:00Z"}}, {"model": "class.classdates", "pk": 115, "fields": {"class_id": 13, "date_from": "2022-12-06T11:00:00Z", "date_to": "2022-12-06T12:50:00Z"}}, {"model": "class.classdates", "pk": 116, "fields": {"class_id": 13, "date_from": "2022-12-13T11:00:00Z", "date_to": "2022-12-13T12:50:00Z"}}, {"model": "class.classdates", "pk": 117, "fields": {"class_id": 13, "date_from": "2022-12-20T11:00:00Z", "date_to": "2022-12-20T12:50:00Z"}}, {"model": "class.classdates", "pk": 118, "fields": {"class_id": 9, "date_from": "2023-02-13T07:00:00Z", "date_to": "2023-02-13T08:50:00Z"}}, {"model": "class.classdates", "pk": 119, "fields": {"class_id": 9, "date_from": "2023-02-20T07:00:00Z", "date_to": "2023-02-20T08:50:00Z"}}, {"model": "class.classdates", "pk": 120, "fields": {"class_id": 9, "date_from": "2023-02-27T07:00:00Z", "date_to": "2023-02-27T08:50:00Z"}}, {"model": "class.classdates", "pk": 121, "fields": {"class_id": 9, "date_from": "2023-03-06T07:00:00Z", "date_to": "2023-03-06T08:50:00Z"}}, {"model": "class.classdates", "pk": 122, "fields": {"class_id": 9, "date_from": "2023-03-13T07:00:00Z", "date_to": "2023-03-13T08:50:00Z"}}, {"model": "class.classdates", "pk": 123, "fields": {"class_id": 9, "date_from": "2023-03-20T07:00:00Z", "date_to": "2023-03-20T08:50:00Z"}}, {"model": "class.classdates", "pk": 124, "fields": {"class_id": 9, "date_from": "2023-03-27T06:00:00Z", "date_to": "2023-03-27T07:50:00Z"}}, {"model": "class.classdates", "pk": 125, "fields": {"class_id": 9, "date_from": "2023-04-03T06:00:00Z", "date_to": "2023-04-03T07:50:00Z"}}, {"model": "class.classdates", "pk": 126, "fields": {"class_id": 9, "date_from": "2023-04-10T06:00:00Z", "date_to": "2023-04-10T07:50:00Z"}}, {"model": "class.classdates", "pk": 127, "fields": {"class_id": 9, "date_from": "2023-04-17T06:00:00Z", "date_to": "2023-04-17T07:50:00Z"}}, {"model": "class.classdates", "pk": 129, "fields": {"class_id": 10, "date_from": "2023-02-13T09:00:00Z", "date_to": "2023-02-13T10:50:00Z"}}, {"model": "class.classdates", "pk": 130, "fields": {"class_id": 10, "date_from": "2023-02-20T09:00:00Z", "date_to": "2023-02-20T10:50:00Z"}}, {"model": "class.classdates", "pk": 131, "fields": {"class_id": 10, "date_from": "2023-02-27T09:00:00Z", "date_to": "2023-02-27T10:50:00Z"}}, {"model": "class.classdates", "pk": 132, "fields": {"class_id": 15, "date_from": "2023-02-07T15:00:00Z", "date_to": "2023-02-07T17:50:00Z"}}, {"model": "class.classdates", "pk": 133, "fields": {"class_id": 15, "date_from": "2023-02-13T15:00:00Z", "date_to": "2023-02-13T17:50:00Z"}}, {"model": "class.classdates", "pk": 134, "fields": {"class_id": 15, "date_from": "2023-02-20T15:00:00Z", "date_to": "2023-02-20T17:50:00Z"}}, {"model": "class.classdates", "pk": 135, "fields": {"class_id": 15, "date_from": "2023-02-27T15:00:00Z", "date_to": "2023-02-27T17:50:00Z"}}, {"model": "class.classdates", "pk": 136, "fields": {"class_id": 16, "date_from": "2023-02-21T15:00:00Z", "date_to": "2023-02-21T16:50:00Z"}}, {"model": "class.classdates", "pk": 137, "fields": {"class_id": 16, "date_from": "2023-03-07T15:00:00Z", "date_to": "2023-03-07T16:50:00Z"}}, {"model": "class.classdates", "pk": 138, "fields": {"class_id": 17, "date_from": "2023-03-28T14:00:00Z", "date_to": "2023-03-28T14:50:00Z"}}, {"model": "class.classdates", "pk": 139, "fields": {"class_id": 18, "date_from": "2023-02-22T10:42:00Z", "date_to": "2023-03-19T22:59:00Z"}}, {"model": "class.classdates", "pk": 140, "fields": {"class_id": 19, "date_from": "2023-03-15T10:42:00Z", "date_to": "2023-04-16T21:59:00Z"}}, {"model": "class.classdates", "pk": 142, "fields": {"class_id": 26, "date_from": "2022-12-02T08:00:00Z", "date_to": "2022-12-02T10:50:00Z"}}, {"model": "class.classdates", "pk": 143, "fields": {"class_id": 26, "date_from": "2022-12-09T08:00:00Z", "date_to": "2023-12-09T10:50:00Z"}}, {"model": "class.classdates", "pk": 144, "fields": {"class_id": 26, "date_from": "2022-12-16T08:00:00Z", "date_to": "2022-12-16T10:50:00Z"}}, {"model": "class.classdates", "pk": 145, "fields": {"class_id": 26, "date_from": "2022-12-23T08:00:00Z", "date_to": "2022-12-23T10:50:00Z"}}, {"model": "class.classdates", "pk": 146, "fields": {"class_id": 21, "date_from": "2022-11-30T08:00:00Z", "date_to": "2022-11-30T10:50:00Z"}}, {"model": "class.classdates", "pk": 147, "fields": {"class_id": 21, "date_from": "2022-12-07T08:00:00Z", "date_to": "2022-12-07T10:50:00Z"}}, {"model": "class.classdates", "pk": 148, "fields": {"class_id": 21, "date_from": "2022-12-14T08:00:00Z", "date_to": "2022-12-14T10:50:00Z"}}, {"model": "class.classdates", "pk": 149, "fields": {"class_id": 21, "date_from": "2022-12-21T08:00:00Z", "date_to": "2022-12-21T10:50:00Z"}}, {"model": "class.classdates", "pk": 150, "fields": {"class_id": 22, "date_from": "2022-12-08T10:00:00Z", "date_to": "2022-12-08T11:50:00Z"}}, {"model": "class.classdates", "pk": 151, "fields": {"class_id": 22, "date_from": "2022-12-15T10:00:00Z", "date_to": "2022-12-15T11:50:00Z"}}, {"model": "class.classdates", "pk": 152, "fields": {"class_id": 22, "date_from": "2022-12-22T10:00:00Z", "date_to": "2022-12-22T11:50:00Z"}}, {"model": "class.classdates", "pk": 153, "fields": {"class_id": 32, "date_from": "2023-02-14T15:00:00Z", "date_to": "2023-02-14T17:50:00Z"}}, {"model": "class.classdates", "pk": 154, "fields": {"class_id": 32, "date_from": "2023-02-21T15:00:00Z", "date_to": "2023-02-21T17:50:00Z"}}, {"model": "class.classdates", "pk": 155, "fields": {"class_id": 32, "date_from": "2023-02-28T15:00:00Z", "date_to": "2023-02-28T17:50:00Z"}}, {"model": "class.classdates", "pk": 156, "fields": {"class_id": 33, "date_from": "2023-02-15T11:00:00Z", "date_to": "2023-02-15T12:50:00Z"}}, {"model": "class.classdates", "pk": 157, "fields": {"class_id": 33, "date_from": "2023-02-22T11:00:00Z", "date_to": "2023-02-22T12:50:00Z"}}, {"model": "class.classdates", "pk": 158, "fields": {"class_id": 33, "date_from": "2022-03-01T11:00:00Z", "date_to": "2023-03-01T12:50:00Z"}}, {"model": "class.classdates", "pk": 159, "fields": {"class_id": 37, "date_from": "2023-02-14T12:00:00Z", "date_to": "2023-02-14T14:50:00Z"}}, {"model": "class.classdates", "pk": 160, "fields": {"class_id": 37, "date_from": "2023-02-21T12:00:00Z", "date_to": "2023-02-21T14:50:00Z"}}, {"model": "class.classdates", "pk": 161, "fields": {"class_id": 37, "date_from": "2023-02-28T12:00:00Z", "date_to": "2023-02-28T14:50:00Z"}}, {"model": "class.classdates", "pk": 162, "fields": {"class_id": 42, "date_from": "2022-12-08T07:00:00Z", "date_to": "2022-12-08T08:50:00Z"}}, {"model": "class.classdates", "pk": 163, "fields": {"class_id": 42, "date_from": "2022-12-15T07:00:00Z", "date_to": "2022-12-15T08:50:00Z"}}, {"model": "class.classdates", "pk": 164, "fields": {"class_id": 42, "date_from": "2022-12-22T07:00:00Z", "date_to": "2022-12-22T08:50:00Z"}}, {"model": "class.classdates", "pk": 165, "fields": {"class_id": 46, "date_from": "2022-12-08T17:00:00Z", "date_to": "2022-12-08T19:50:00Z"}}, {"model": "class.classdates", "pk": 166, "fields": {"class_id": 46, "date_from": "2022-12-15T17:00:00Z", "date_to": "2022-12-15T19:50:00Z"}}, {"model": "class.classdates", "pk": 167, "fields": {"class_id": 46, "date_from": "2022-12-22T17:00:00Z", "date_to": "2022-12-22T19:50:00Z"}}, {"model": "class.classdates", "pk": 168, "fields": {"class_id": 47, "date_from": "2022-12-09T18:00:00Z", "date_to": "2022-12-09T19:50:00Z"}}, {"model": "class.classdates", "pk": 169, "fields": {"class_id": 51, "date_from": "2023-02-21T15:00:00Z", "date_to": "2023-02-21T16:50:00Z"}}, {"model": "class.classdates", "pk": 170, "fields": {"class_id": 51, "date_from": "2023-02-28T15:00:00Z", "date_to": "2023-02-28T16:50:00Z"}}, {"model": "class.classdates", "pk": 171, "fields": {"class_id": 51, "date_from": "2023-03-07T15:00:00Z", "date_to": "2023-03-07T16:50:00Z"}}, {"model": "class.classdates", "pk": 172, "fields": {"class_id": 53, "date_from": "2023-02-22T15:00:00Z", "date_to": "2023-02-22T17:50:00Z"}}, {"model": "class.classdates", "pk": 173, "fields": {"class_id": 53, "date_from": "2023-03-01T15:00:00Z", "date_to": "2023-03-01T17:50:00Z"}}, {"model": "class.classdates", "pk": 174, "fields": {"class_id": 53, "date_from": "2023-03-08T15:00:00Z", "date_to": "2023-03-08T17:50:00Z"}}, {"model": "class.classdates", "pk": 175, "fields": {"class_id": 57, "date_from": "2023-02-14T08:00:00Z", "date_to": "2023-02-14T09:50:00Z"}}, {"model": "class.classdates", "pk": 176, "fields": {"class_id": 57, "date_from": "2022-02-21T08:00:00Z", "date_to": "2023-02-21T09:50:00Z"}}, {"model": "class.classdates", "pk": 177, "fields": {"class_id": 57, "date_from": "2023-02-28T08:00:00Z", "date_to": "2023-02-28T09:50:00Z"}}, {"model": "class.classdates", "pk": 178, "fields": {"class_id": 59, "date_from": "2023-02-16T16:00:00Z", "date_to": "2023-02-16T17:50:00Z"}}, {"model": "class.classdates", "pk": 179, "fields": {"class_id": 59, "date_from": "2023-02-23T16:00:00Z", "date_to": "2023-02-23T17:50:00Z"}}, {"model": "class.classdates", "pk": 180, "fields": {"class_id": 59, "date_from": "2023-03-02T16:00:00Z", "date_to": "2023-03-02T17:50:00Z"}}, {"model": "class.classdates", "pk": 181, "fields": {"class_id": 63, "date_from": "2023-02-15T07:00:00Z", "date_to": "2023-02-15T09:50:00Z"}}, {"model": "class.classdates", "pk": 182, "fields": {"class_id": 63, "date_from": "2023-02-22T07:00:00Z", "date_to": "2023-02-22T09:50:00Z"}}, {"model": "class.classdates", "pk": 183, "fields": {"class_id": 63, "date_from": "2023-03-01T07:00:00Z", "date_to": "2023-03-01T09:50:00Z"}}, {"model": "class.classdates", "pk": 184, "fields": {"class_id": 68, "date_from": "2023-02-24T11:00:00Z", "date_to": "2023-02-24T12:50:00Z"}}, {"model": "class.classdates", "pk": 185, "fields": {"class_id": 68, "date_from": "2023-03-10T11:00:00Z", "date_to": "2023-03-10T12:50:00Z"}}, {"model": "class.classdates", "pk": 186, "fields": {"class_id": 68, "date_from": "2022-03-24T11:00:00Z", "date_to": "2023-03-24T12:50:00Z"}}, {"model": "class.classdates", "pk": 187, "fields": {"class_id": 75, "date_from": "2022-12-07T16:00:00Z", "date_to": "2022-12-07T17:50:00Z"}}, {"model": "class.classdates", "pk": 188, "fields": {"class_id": 75, "date_from": "2022-12-14T16:00:00Z", "date_to": "2022-12-14T17:50:00Z"}}, {"model": "class.classdates", "pk": 189, "fields": {"class_id": 75, "date_from": "2022-12-21T16:00:00Z", "date_to": "2022-12-21T17:50:00Z"}}, {"model": "class.classdates", "pk": 190, "fields": {"class_id": 79, "date_from": "2023-02-23T14:00:00Z", "date_to": "2023-02-23T15:50:00Z"}}, {"model": "class.classdates", "pk": 191, "fields": {"class_id": 79, "date_from": "2023-03-02T14:00:00Z", "date_to": "2023-03-02T15:50:00Z"}}, {"model": "class.classdates", "pk": 192, "fields": {"class_id": 79, "date_from": "2023-03-09T14:00:00Z", "date_to": "2023-03-09T15:50:00Z"}}, {"model": "class.classdates", "pk": 193, "fields": {"class_id": 83, "date_from": "2023-02-21T14:00:00Z", "date_to": "2023-02-21T15:50:00Z"}}, {"model": "class.classdates", "pk": 194, "fields": {"class_id": 83, "date_from": "2023-02-28T14:00:00Z", "date_to": "2023-02-28T15:50:00Z"}}, {"model": "class.classdates", "pk": 195, "fields": {"class_id": 83, "date_from": "2023-03-07T14:00:00Z", "date_to": "2023-03-07T15:50:00Z"}}, {"model": "class.classdates", "pk": 196, "fields": {"class_id": 5, "date_from": "2022-09-27T14:30:00Z", "date_to": "2022-10-30T17:20:00Z"}}, {"model": "class.registrationtoclass", "pk": 1, "fields": {"accepted": true, "class_id": 1, "user": "xremen02"}}, {"model": "class.registrationtoclass", "pk": 2, "fields": {"accepted": true, "class_id": 2, "user": "xremen02"}}, {"model": "class.registrationtoclass", "pk": 3, "fields": {"accepted": true, "class_id": 3, "user": "xremen02"}}, {"model": "class.registrationtoclass", "pk": 4, "fields": {"accepted": true, "class_id": 5, "user": "xremen02"}}, {"model": "class.registrationtoclass", "pk": 5, "fields": {"accepted": true, "class_id": 7, "user": "xremen02"}}, {"model": "class.registrationtoclass", "pk": 6, "fields": {"accepted": true, "class_id": 15, "user": "xremen02"}}, {"model": "class.registrationtoclass", "pk": 7, "fields": {"accepted": true, "class_id": 16, "user": "xremen02"}}, {"model": "class.registrationtoclass", "pk": 8, "fields": {"accepted": true, "class_id": 18, "user": "xremen02"}}, {"model": "class.registrationtoclass", "pk": 9, "fields": {"accepted": true, "class_id": 19, "user": "xremen02"}}, {"model": "class.registrationtoclass", "pk": 10, "fields": {"accepted": true, "class_id": 21, "user": "xremen02"}}, {"model": "class.registrationtoclass", "pk": 11, "fields": {"accepted": true, "class_id": 22, "user": "xremen02"}}, {"model": "class.registrationtoclass", "pk": 12, "fields": {"accepted": true, "class_id": 24, "user": "xremen02"}}, {"model": "class.registrationtoclass", "pk": 13, "fields": {"accepted": true, "class_id": 12, "user": "xstude00"}}, {"model": "class.registrationtoclass", "pk": 14, "fields": {"accepted": true, "class_id": 13, "user": "xstude00"}}, {"model": "class.registrationtoclass", "pk": 15, "fields": {"accepted": true, "class_id": 42, "user": "xstude00"}}, {"model": "class.registrationtoclass", "pk": 16, "fields": {"accepted": true, "class_id": 43, "user": "xstude00"}}, {"model": "class.registrationtoclass", "pk": 17, "fields": {"accepted": true, "class_id": 44, "user": "xstude00"}}, {"model": "class.registrationtoclass", "pk": 18, "fields": {"accepted": true, "class_id": 26, "user": "xdobro23"}}, {"model": "class.registrationtoclass", "pk": 19, "fields": {"accepted": true, "class_id": 28, "user": "xdobro23"}}, {"model": "class.registrationtoclass", "pk": 20, "fields": {"accepted": true, "class_id": 29, "user": "xdobro23"}}, {"model": "class.registrationtoclass", "pk": 21, "fields": {"accepted": true, "class_id": 30, "user": "xdobro23"}}, {"model": "class.registrationtoclass", "pk": 22, "fields": {"accepted": true, "class_id": 1, "user": "xdobro23"}}, {"model": "class.registrationtoclass", "pk": 23, "fields": {"accepted": true, "class_id": 2, "user": "xdobro23"}}, {"model": "class.registrationtoclass", "pk": 24, "fields": {"accepted": true, "class_id": 3, "user": "xdobro23"}}, {"model": "class.registrationtoclass", "pk": 25, "fields": {"accepted": true, "class_id": 5, "user": "xdobro23"}}, {"model": "class.registrationtoclass", "pk": 26, "fields": {"accepted": true, "class_id": 7, "user": "xdobro23"}}, {"model": "class.registrationtoclass", "pk": 27, "fields": {"accepted": true, "class_id": 26, "user": "xsikul01"}}, {"model": "class.registrationtoclass", "pk": 28, "fields": {"accepted": true, "class_id": 28, "user": "xsikul01"}}, {"model": "class.registrationtoclass", "pk": 29, "fields": {"accepted": true, "class_id": 29, "user": "xsikul01"}}, {"model": "class.registrationtoclass", "pk": 30, "fields": {"accepted": true, "class_id": 30, "user": "xsikul01"}}, {"model": "class.registrationtoclass", "pk": 31, "fields": {"accepted": true, "class_id": 15, "user": "xsikul01"}}, {"model": "class.registrationtoclass", "pk": 32, "fields": {"accepted": true, "class_id": 16, "user": "xsikul01"}}, {"model": "class.registrationtoclass", "pk": 33, "fields": {"accepted": true, "class_id": 18, "user": "xsikul01"}}, {"model": "class.registrationtoclass", "pk": 34, "fields": {"accepted": true, "class_id": 19, "user": "xsikul01"}}, {"model": "class.registrationtoclass", "pk": 35, "fields": {"accepted": true, "class_id": 15, "user": "xhomol28"}}, {"model": "class.registrationtoclass", "pk": 36, "fields": {"accepted": true, "class_id": 16, "user": "xhomol28"}}, {"model": "class.registrationtoclass", "pk": 37, "fields": {"accepted": true, "class_id": 18, "user": "xhomol28"}}, {"model": "class.registrationtoclass", "pk": 38, "fields": {"accepted": true, "class_id": 19, "user": "xhomol28"}}, {"model": "class.registrationtoclass", "pk": 39, "fields": {"accepted": true, "class_id": 12, "user": "xhomol28"}}, {"model": "class.registrationtoclass", "pk": 40, "fields": {"accepted": true, "class_id": 13, "user": "xhomol28"}}, {"model": "class.registrationtoclass", "pk": 41, "fields": {"accepted": true, "class_id": 26, "user": "xzalez01"}}, {"model": "class.registrationtoclass", "pk": 42, "fields": {"accepted": true, "class_id": 28, "user": "xzalez01"}}, {"model": "class.registrationtoclass", "pk": 43, "fields": {"accepted": true, "class_id": 29, "user": "xzalez01"}}, {"model": "class.registrationtoclass", "pk": 44, "fields": {"accepted": true, "class_id": 30, "user": "xzalez01"}}, {"model": "class.registrationtoclass", "pk": 45, "fields": {"accepted": true, "class_id": 46, "user": "xzalez01"}}, {"model": "class.registrationtoclass", "pk": 46, "fields": {"accepted": true, "class_id": 47, "user": "xzalez01"}}, {"model": "class.registrationtoclass", "pk": 47, "fields": {"accepted": true, "class_id": 49, "user": "xzalez01"}}, {"model": "class.registrationtoclass", "pk": 48, "fields": {"accepted": true, "class_id": 1, "user": "xhezel01"}}, {"model": "class.registrationtoclass", "pk": 49, "fields": {"accepted": true, "class_id": 2, "user": "xhezel01"}}, {"model": "class.registrationtoclass", "pk": 50, "fields": {"accepted": true, "class_id": 3, "user": "xhezel01"}}, {"model": "class.registrationtoclass", "pk": 51, "fields": {"accepted": true, "class_id": 5, "user": "xhezel01"}}, {"model": "class.registrationtoclass", "pk": 52, "fields": {"accepted": true, "class_id": 7, "user": "xhezel01"}}, {"model": "class.registrationtoclass", "pk": 53, "fields": {"accepted": true, "class_id": 12, "user": "xhezel01"}}, {"model": "class.registrationtoclass", "pk": 54, "fields": {"accepted": true, "class_id": 13, "user": "xhezel01"}}, {"model": "class.registrationtoclass", "pk": 55, "fields": {"accepted": true, "class_id": 15, "user": "xkozak01"}}, {"model": "class.registrationtoclass", "pk": 56, "fields": {"accepted": true, "class_id": 16, "user": "xkozak01"}}, {"model": "class.registrationtoclass", "pk": 57, "fields": {"accepted": true, "class_id": 18, "user": "xkozak01"}}, {"model": "class.registrationtoclass", "pk": 58, "fields": {"accepted": true, "class_id": 19, "user": "xkozak01"}}, {"model": "class.registrationtoclass", "pk": 59, "fields": {"accepted": true, "class_id": 21, "user": "xkozak01"}}, {"model": "class.registrationtoclass", "pk": 60, "fields": {"accepted": true, "class_id": 22, "user": "xkozak01"}}, {"model": "class.registrationtoclass", "pk": 61, "fields": {"accepted": true, "class_id": 24, "user": "xkozak01"}}, {"model": "class.registrationtoclass", "pk": 62, "fields": {"accepted": true, "class_id": 26, "user": "xkozak01"}}, {"model": "class.registrationtoclass", "pk": 63, "fields": {"accepted": true, "class_id": 28, "user": "xkozak01"}}, {"model": "class.registrationtoclass", "pk": 64, "fields": {"accepted": true, "class_id": 29, "user": "xkozak01"}}, {"model": "class.registrationtoclass", "pk": 65, "fields": {"accepted": true, "class_id": 30, "user": "xkozak01"}}, {"model": "class.registrationtoclass", "pk": 66, "fields": {"accepted": true, "class_id": 43, "user": "xtekel01"}}, {"model": "class.registrationtoclass", "pk": 67, "fields": {"accepted": true, "class_id": 42, "user": "xtekel01"}}, {"model": "class.registrationtoclass", "pk": 68, "fields": {"accepted": true, "class_id": 44, "user": "xtekel01"}}, {"model": "class.registrationtoclass", "pk": 69, "fields": {"accepted": true, "class_id": 46, "user": "xadase01"}}, {"model": "class.registrationtoclass", "pk": 70, "fields": {"accepted": true, "class_id": 47, "user": "xadase01"}}, {"model": "class.registrationtoclass", "pk": 71, "fields": {"accepted": true, "class_id": 49, "user": "xadase01"}}, {"model": "class.registrationtoclass", "pk": 72, "fields": {"accepted": true, "class_id": 42, "user": "xadase01"}}, {"model": "class.registrationtoclass", "pk": 73, "fields": {"accepted": true, "class_id": 43, "user": "xadase01"}}, {"model": "class.registrationtoclass", "pk": 74, "fields": {"accepted": true, "class_id": 44, "user": "xadase01"}}, {"model": "class.assessment", "pk": 2, "fields": {"entered_points_by": "kreslikova", "evaluated_class": 3, "point_evaluation": 4.0, "published_date": "2022-11-26T21:15:18.209Z", "student": "xdobro23"}}, {"model": "class.assessment", "pk": 12, "fields": {"entered_points_by": "smrcka", "evaluated_class": 3, "point_evaluation": 4.0, "published_date": "2022-11-27T09:17:45.351Z", "student": "xremen02"}}, {"model": "class.assessment", "pk": 15, "fields": {"entered_points_by": "vojnar", "evaluated_class": 18, "point_evaluation": 9.6, "published_date": "2022-11-27T12:37:03.851Z", "student": "xremen02"}}]