[{"model": "course.typeofcourse", "pk": "P", "fields": {"name": "Povinny", "description": "..."}}, {"model": "course.typeofcourse", "pk": "PVA", "fields": {"name": "Povinne volitelny jazyk", "description": "..."}}, {"model": "course.typeofcourse", "pk": "PVT", "fields": {"name": "Povinne volitelny technicky", "description": "..."}}, {"model": "course.typeofcourse", "pk": "V", "fields": {"name": "Volitelny", "description": "..."}}, {"model": "course.course", "pk": "BAN4", "fields": {"approved_by": "lampa", "guarantor": "sedlacek", "type_of_course": "PVA", "name": "Angličtina 4: stredne pokročilí 2", "description": "Štandardný kurz angličtiny pre stredne pokročilých študentov zameraný na obecnú a technickú angličtinu. Kurz je založený na integrovanom prístupe. Po gramatickej časti, ktorá obsahuje rôzne komunikatívne typy úloh osvetľujúcich novú gramatiku, každá lekcia zahrňuje úlohy na čítanie, odposluch, písanie a hovorenie. Počas kurzu dochádza k veľkému nárastu slovnej zásoby. Cieľom práce s technickými textami je výuka jazyka, nie výuka odborného obsahu textu.", "price": 3, "registration": null, "lectors": ["baumgartnerova", "sedlacek"]}}, {"model": "course.course", "pk": "IAL", "fields": {"approved_by": "lampa", "guarantor": "honzik", "type_of_course": "P", "name": "Algoritmy", "description": "Prehľad základných dátových štruktúr a ich použitie. Časová zložitosť algoritmov - úvod. Špecifikácia abstraktných dátových typov (ADT). Špecifikácia a implementácia ADT: zoznamy, zásobník, fronta, vyhľadávacia tabuľka. Algoritmy nad binárnym stromom. Vyhľadávanie: sekvenčné, v nezoradenom a zoradenom poli, vyhľadávanie so zarážkou, binárne vyhľadávanie, binárny vyhľadávací strom, vyvážený strom (AVL), stromy s viacerými kľúčmi vo vrcholoch. Vyhľadávanie v tabuľkách s rozptýlenými položkami. Radenie, princípy, radenie bez presunu položiek, radenie podľa viacerých kľúčov. Najznámejšie metódy radenia: Select-sort, Bubble-sort, Heap-sort, Insert-sort a jeho varianty, Shell-sort, Quick sort v rekurzívnej a nerekurzívnej notácii, Merge-sort, List-merge-sort, Radix-sort. Rekurzia a dynamické programovanie. Vyhľadávanie podreťazcov v texte. Grafové algoritmy. Dokazovanie programov.", "price": 5, "registration": null, "lectors": ["honzik", "krena"]}}, {"model": "course.course", "pk": "ICP", "fields": {"approved_by": "lampa", "guarantor": "peringer", "type_of_course": "PVT", "name": "Seminár C++", "description": "Prehľad vlastností jazyka C++ podľa normy ISO. Objekty, triedy, dedičňosť, polymorfizmus. Preťažovanie operátorov a funkcií. Šablóny funkcií a tried. Obsluha výnimiek. Použitie štandardných knižníc, STL.", "price": 4, "registration": null, "lectors": ["janousek", "peringer"]}}, {"model": "course.course", "pk": "IIS", "fields": {"approved_by": "lampa", "guarantor": "hruska", "type_of_course": "P", "name": "Informačné systémy", "description": "Informačný systém ako špeciálny prípad systému. Druhy informačných systémov OLAP a OLTP. História informačných systémov. Technológie výstavby informačného systému nad relačnými databázovými systémy. Internetové riešenie informačného systému. Technológie výstavby klienta a serveru (JavaScript a PHP). Technológie jazyka XML.", "price": 4, "registration": null, "lectors": ["hruska", "hynek"]}}, {"model": "course.course", "pk": "IJA", "fields": {"approved_by": "lampa", "guarantor": "koci", "type_of_course": "PVT", "name": "Seminár Java", "description": "Objektová orientácia. Prehľad vlastností jazyka Java. Objektový model, objekty, triedy, programovacie techniky, knižnice, vývojové prostredia. Návrhové vzory. Ladenie a údržba programov. Grafické užívateľské rozhrania, vlákna.", "price": 4, "registration": null, "lectors": ["koci", "malinka"]}}, {"model": "course.course", "pk": "IJC", "fields": {"approved_by": "lampa", "guarantor": "peringer", "type_of_course": "V", "name": "Jazyk C", "description": "Jazyk C podľa normy ISO. Systematická definícia syntaxu a sémantiky, práca s ukazateľmi, modularita, štandardné knižnice. Ladenie a testovanie programov. Neobjektové základy C++ a použití štandardných knižníc.", "price": 5, "registration": null, "lectors": ["peringer", "smrcka"]}}, {"model": "course.course", "pk": "ILG", "fields": {"approved_by": "lampa", "guarantor": "hlinena", "type_of_course": "P", "name": "Lineárna algebra", "description": "Matice a determinanty. Sústavy lineárnych rovníc. Vektorové priestory a podpriestory. Lineárne zobrazenie, transformácie súradníc. Vlastne hodnoty a vlastné vektory. Kvadratické formy a kužeľosečky.", "price": 5, "registration": null, "lectors": ["hlavickova", "hlinena"]}}, {"model": "course.course", "pk": "IMA1", "fields": {"approved_by": "lampa", "guarantor": "hlinena", "type_of_course": "P", "name": "Matematická analýza 1", "description": "Limita, spojitosť a derivácie funkcie. Extrémy a priebeh funkcie. Aproximácia a interpolácia. Neurčitý a určitý integrál.", "price": 4, "registration": null, "lectors": ["hlavickova", "hlinena"]}}, {"model": "course.course", "pk": "IMS", "fields": {"approved_by": "lampa", "guarantor": "peringer", "type_of_course": "P", "name": "Modelovanie a simulácia", "description": "Úvod do modelovania a simulície systémov. Analýza a klasifikácia systémov. Abstraktné a simulačné modely. Spojité, diskrétne a kombinované modely. Modely heterogénnych systémov. Petriho siete a simulácia. Validácia a verifikácia modelov. Generovanie, transformácia a testovanie pseudonáhodných čísel. Stochastické modely a modely systémov hromadné obsluhy. Metoda Monte Carlo. Simulácia číslicových systémov. Spojitá simulácia, numerické metódy, jazyk Modelica. Princípy a použitie simulačných systémov. Riadenie simulačných experimentov, vizualizácia a vyhodnocovanie výsledkov simulácie.", "price": 5, "registration": null, "lectors": ["hruby", "peringer"]}}, {"model": "course.course", "pk": "IOS", "fields": {"approved_by": "lampa", "guarantor": "vojnar", "type_of_course": "P", "name": "Operačné systémy", "description": "Pojem operačného systému (OS) ako súčasti programového vybavenia. Architektúra OS, klasifikácia OS. Prehľad operačných systémov. Jadro OS UNIX, jeho štruktúra, textové a grafické užívateľské rozhranie, príkazové jazyky. Systémy ovládania súborov, základné princípy implementácie vstup/výstupných operácií. Správa procesov, prepínanie kontextu, plánovanie, medziprocesová komunikácia.  Správa pamäti, stránkovanie, virtuálna pamäť. Synchronizácia procesov, semafóry a ďalšie synchronizačné prostriedky, uviaznutie, starnutie.", "price": 5, "registration": null, "lectors": ["koci", "vojnar"]}}, {"model": "course.course", "pk": "IPP", "fields": {"approved_by": "lampa", "guarantor": "kolar", "type_of_course": "P", "name": "Princípy programovacích jazykov a OOP", "description": "Predmet ponúka základnú klasifikáciu programovacích jazykov s podrobnejším predstavením imperatívnych a deklaratívnych jazykov. V rámci imperatívnych jazykov budú predstavené neštrukturované jazyky, blokovo a modulárne štrukturované jazyky a objektové paradigmy. Z programovacích technik návrhové vzory. Úvod do funkcionálnych a logických jazykov bude prednesený v rámci deklaratívnych jazykov. Budú tiež zmienené teórie ležiace v základe týchto paradigmát. Študenti budú také oboznámení so spôsobmi spracovania jednotlivých typov programovacích jazykov.", "price": 5, "registration": null, "lectors": ["kolar", "krivka"]}}, {"model": "course.course", "pk": "ISS", "fields": {"approved_by": "lampa", "guarantor": "cernocky", "type_of_course": "P", "name": "Signály a systémy", "description": "Spojité a diskrétne signály, diskrétne a spojité systémy. Konvolúcia. Spektrálna analýza spojitých signálov - Fourierova rada (FR), Fourierova transformácia (FT). Systémy so spojitým časom. Vzorkovanie a rekonštrukcia. Diskrétne signály a ich frekvenčná analýza - Diskrétna Fourierova rada (DFR), Fourierova transformácia s diskrétnym časom (DTFT). Diskrétne systémy. Dvojrozmerné (2D) signály a systémy. Náhodné signály.", "price": 6, "registration": null, "lectors": ["brukner", "cernocky"]}}, {"model": "course.course", "pk": "ITS", "fields": {"approved_by": "lampa", "guarantor": "smrcka", "type_of_course": "V", "name": "Testovanie a dynamická analýza", "description": "Špecifikácie testov. Kritéria pokrytia zdrojových kódov (EC, NC, EPC, PPC). Kritéria pokrytia logických výrazov (PC, CC, MCDC). Rozklad vstupnej domény. Kritéria pokrytia vstupnej domény. Black-box analýza. Sledovanie práce so zdieľanými prostriedkami. Testovanie viacvláknových aplikácií. Testovanie sieťových aplikácií. Testovanie GUI. Výkonnostné testovanie. Riadené testovanie.", "price": 5, "registration": null, "lectors": ["lengal", "smrcka"]}}, {"model": "course.course", "pk": "ITY", "fields": {"approved_by": "lampa", "guarantor": "krena", "type_of_course": "V", "name": "Typografia a publikovanie", "description": "Študujúci sa zoznámi s obecnými typografickými zásadami a s nástrojmi pre vytváranie dokumentov. Špeciálna pozornosť je venovaná systému LaTeX pre profesionálnu sadzbu dokumentov a publikácií. Preberaná látka je rozdelená do šiestich dvojhodinových prednášok, ktoré sa konajú raz za štrnásť dní. Získané vedomosti si študujúci precvičí v rámci piatich projektov v LaTeXu. V zápočtovom týždni sú znalosti študujúcich overené záverečnou písomkou.", "price": 4, "registration": null, "lectors": ["krena", "rozman"]}}, {"model": "course.course", "pk": "IVS", "fields": {"approved_by": "lampa", "guarantor": "smrz", "type_of_course": "V", "name": "Praktické aspekty vývoja software", "description": "Základné koncepty použitia unixovej filozofie pri vlastnom programovaní, rola testovania kódu a vývoj riadený testami, vytváranie komponentovo orientovaného kódu, odhaľovanie výkonnostných problémov, distribuovaná správa verzií, možnosti paralelizácie výpočtov, spracovanie veľkých objemov dát, praktické skúsenosti vývojárov z firiem.", "price": 5, "registration": null, "lectors": ["dytrych", "smrz"]}}, {"model": "course.course", "pk": "IZA", "fields": {"approved_by": "lampa", "guarantor": "hruby", "type_of_course": "V", "name": "Programovanie zariadení Apple", "description": "Software firmy Apple predstavuje ucelený systém tradičných knižníc, aplikačných paradigmát a širokého poľa schopností. Jeho základy zostávajú dlhodobo bez väčších zmien. V predmete budú postupne rozoberané hlavné prvky architektúry aplikačného software firmy Apple, bude preberaný dôkladne zmysel a použitie jednotlivých prvkov, prípadne budú porovnávané s ich alternatívami v iných systémoch. V úvodnej časti prednášok budú predstavené jazyky Objective-C a Swift v kontextu súčasných a historických programovacích jazykov. So znalosťou týchto jazykov se ďalej nadviaže konceptom architektúry aplikácie založenej na paradigmatoch Model-View-Controller a Key-Value Observing. Vývoj aplikácií bude demonštrovaný primárne na platforme iOS. Jadrom prednášok budú kapitoly o návrhu viacvláknových aplikácií (GCD) a ich prepojenie na interné (Sqlite3, CoreData) a externé databázové systémy (CloudKit, DropBox).", "price": 5, "registration": null, "lectors": ["hruby", "smrcka"]}}, {"model": "course.course", "pk": "IZG", "fields": {"approved_by": "lampa", "guarantor": "spanel", "type_of_course": "P", "name": "Základy počítačovej grafiky", "description": "Prehľad základných princípov počítačovej grafiky (vektorová, rastrová) a ich dôsledkov pre tvorbu reálnych grafických aplikácií. Špecifikácia základných operácií rovinnej (2D) a priestorovej (3D) počítačovej grafiky. Špecifikácia princípov a použitie hlavných grafických rozhraní. Metódy a algoritmy pre: rasterizáciu úsečiek, kružníc a kriviek (Bezier, NURBS), orezávanie polygónov, vyplňovanie vektorových a rastrových uzavretých oblastí. Metódy a algoritmy pre: transformáciu objektov v 2D a 3D, riešenie viditeľnosti, osvetlenia, tieňovania, textúrovania. Základné princípy metód fotorealistického zobrazenia 3D scén. Metódy geometrickej reprezentácie 3D objektov. Problematika vzniku aliasu a metódy jeho odstranenia.", "price": 6, "registration": null, "lectors": ["milet", "spanel"]}}, {"model": "course.course", "pk": "IZP", "fields": {"approved_by": "lampa", "guarantor": "kreslikova", "type_of_course": "P", "name": "Základy programovania", "description": "Základné programovacie konštrukcie vyššieho programovacieho jazyka: premenné, typy, výrazy, riadiace štruktúry, procedúry a funkcie, predávanie parametrov, vstupy/výstupy, spracovanie výnimočných stavov. Základné dátové štruktúry: primitívne dátové typy, štrukturované dátové typy: pole, záznam, súbor, znakové reťazce. Dynamické dátové štruktúry, typ ukazateľ. Stratégie pre voľbu vhodnej dátovej štruktúry. Rekurzia, pojem rekurzia. Globálne a lokálne premenné. Jednoduché rekurzívne funkcie (procedúry). Modulárny návrh a abstrakcia. Ladenie, testovanie a dokumentácia programu. Pojmy a algoritmy budú ilustrované využitím vhodného programovacieho jazyka (ISO/IEC 9899:1999 Programming languages - C).", "price": 7, "registration": null, "lectors": ["kreslikova", "smrcka"]}}, {"model": "course.course", "pk": "IZV", "fields": {"approved_by": "lampa", "guarantor": "vasicek", "type_of_course": "V", "name": "Spracovanie a vizualizácia dát v Pythone", "description": "Cieľom predmetu je zoznámiť študentov s problematikou získavania, spracovania, analýzy a vizualizácie dát. Z možných nástrojov bol zvolený multiplatformový skriptovací jazyk Python, ktorý má prepracovaný ekosystém ponúkajúci bohaté spektrum rozširujúcich knižníc či už vo forme natívneho kódu či z pohľadu výkonnosti efektívnych nástavieb implementovaných v jazyku C/C++. V rámci prednášok sa študenti zoznámia s konštrukciami jazyka Python, metódami získavania, ukladania a manipulacie s dátami, možnosťami pokročilých výpočtov v numerickej aj symbolickej rovine a vizualizáciou získaných dát. V predmete študenti taktiež získajú prehľad o vlastnostiach techník pre pokročilú analýzu dátových závislostí a ich aplikáciu pre rôzne dáta. Na záver budú ukázané možnosti rozšírenia jazyka Python o vlastné konštrukcie a techniky umožňujúce efektívne potlačiť nevýhody interpretovaného jazyka pre potreby aplikácií orientovaných na výkonnosť.", "price": 4, "registration": null, "lectors": ["mrazek", "vasicek"]}}, {"model": "course.registrationtocourse", "pk": 2, "fields": {"accepted": true, "course_id": "IZP", "user": "xremen02"}}, {"model": "course.registrationtocourse", "pk": 3, "fields": {"accepted": true, "course_id": "IOS", "user": "xremen02"}}, {"model": "course.registrationtocourse", "pk": 4, "fields": {"accepted": true, "course_id": "BAN4", "user": "xremen02"}}, {"model": "course.registrationtocourse", "pk": 5, "fields": {"accepted": true, "course_id": "IJA", "user": "xremen02"}}, {"model": "course.registrationtocourse", "pk": 6, "fields": {"accepted": true, "course_id": "ISS", "user": "xremen02"}}, {"model": "course.registrationtocourse", "pk": 7, "fields": {"accepted": true, "course_id": "IZV", "user": "xremen02"}}, {"model": "course.registrationtocourse", "pk": 8, "fields": {"accepted": true, "course_id": "ILG", "user": "xstude00"}}, {"model": "course.registrationtocourse", "pk": 9, "fields": {"accepted": true, "course_id": "IMA1", "user": "xstude00"}}, {"model": "course.registrationtocourse", "pk": 10, "fields": {"accepted": true, "course_id": "IIS", "user": "xstude00"}}, {"model": "course.registrationtocourse", "pk": 11, "fields": {"accepted": true, "course_id": "BAN4", "user": "xstude00"}}, {"model": "course.registrationtocourse", "pk": 12, "fields": {"accepted": true, "course_id": "ICP", "user": "xstude00"}}, {"model": "course.registrationtocourse", "pk": 13, "fields": {"accepted": true, "course_id": "IVS", "user": "xstude00"}}, {"model": "course.registrationtocourse", "pk": 14, "fields": {"accepted": true, "course_id": "IAL", "user": "xdobro23"}}, {"model": "course.registrationtocourse", "pk": 15, "fields": {"accepted": true, "course_id": "IPP", "user": "xdobro23"}}, {"model": "course.registrationtocourse", "pk": 16, "fields": {"accepted": true, "course_id": "IZP", "user": "xdobro23"}}, {"model": "course.registrationtocourse", "pk": 17, "fields": {"accepted": true, "course_id": "BAN4", "user": "xdobro23"}}, {"model": "course.registrationtocourse", "pk": 18, "fields": {"accepted": true, "course_id": "ICP", "user": "xdobro23"}}, {"model": "course.registrationtocourse", "pk": 19, "fields": {"accepted": true, "course_id": "IJC", "user": "xdobro23"}}, {"model": "course.registrationtocourse", "pk": 20, "fields": {"accepted": true, "course_id": "IOS", "user": "xhomol28"}}, {"model": "course.registrationtocourse", "pk": 21, "fields": {"accepted": true, "course_id": "ILG", "user": "xhomol28"}}, {"model": "course.registrationtocourse", "pk": 22, "fields": {"accepted": true, "course_id": "IZG", "user": "xhomol28"}}, {"model": "course.registrationtocourse", "pk": 23, "fields": {"accepted": true, "course_id": "BAN4", "user": "xhomol28"}}, {"model": "course.registrationtocourse", "pk": 24, "fields": {"accepted": true, "course_id": "ICP", "user": "xhomol28"}}, {"model": "course.registrationtocourse", "pk": 25, "fields": {"accepted": true, "course_id": "ITS", "user": "xhomol28"}}, {"model": "course.registrationtocourse", "pk": 26, "fields": {"accepted": true, "course_id": "IMA1", "user": "xzalez01"}}, {"model": "course.registrationtocourse", "pk": 27, "fields": {"accepted": true, "course_id": "IAL", "user": "xzalez01"}}, {"model": "course.registrationtocourse", "pk": 28, "fields": {"accepted": true, "course_id": "IMS", "user": "xzalez01"}}, {"model": "course.registrationtocourse", "pk": 29, "fields": {"accepted": true, "course_id": "BAN4", "user": "xzalez01"}}, {"model": "course.registrationtocourse", "pk": 30, "fields": {"accepted": true, "course_id": "IJA", "user": "xzalez01"}}, {"model": "course.registrationtocourse", "pk": 31, "fields": {"accepted": true, "course_id": "ITY", "user": "xzalez01"}}, {"model": "course.registrationtocourse", "pk": 32, "fields": {"accepted": true, "course_id": "IZP", "user": "xhezel01"}}, {"model": "course.registrationtocourse", "pk": 33, "fields": {"accepted": true, "course_id": "ILG", "user": "xhezel01"}}, {"model": "course.registrationtocourse", "pk": 34, "fields": {"accepted": true, "course_id": "IMA1", "user": "xhezel01"}}, {"model": "course.registrationtocourse", "pk": 35, "fields": {"accepted": true, "course_id": "BAN4", "user": "xhezel01"}}, {"model": "course.registrationtocourse", "pk": 36, "fields": {"accepted": true, "course_id": "IJA", "user": "xhezel01"}}, {"model": "course.registrationtocourse", "pk": 37, "fields": {"accepted": true, "course_id": "IVS", "user": "xhezel01"}}, {"model": "course.registrationtocourse", "pk": 38, "fields": {"accepted": true, "course_id": "IOS", "user": "xkozak01"}}, {"model": "course.registrationtocourse", "pk": 39, "fields": {"accepted": true, "course_id": "ISS", "user": "xkozak01"}}, {"model": "course.registrationtocourse", "pk": 40, "fields": {"accepted": true, "course_id": "IAL", "user": "xkozak01"}}, {"model": "course.registrationtocourse", "pk": 41, "fields": {"accepted": true, "course_id": "BAN4", "user": "xkozak01"}}, {"model": "course.registrationtocourse", "pk": 42, "fields": {"accepted": true, "course_id": "ICP", "user": "xkozak01"}}, {"model": "course.registrationtocourse", "pk": 43, "fields": {"accepted": true, "course_id": "ITY", "user": "xkozak01"}}, {"model": "course.registrationtocourse", "pk": 44, "fields": {"accepted": true, "course_id": "IZG", "user": "xtekel01"}}, {"model": "course.registrationtocourse", "pk": 45, "fields": {"accepted": true, "course_id": "IPP", "user": "xtekel01"}}, {"model": "course.registrationtocourse", "pk": 46, "fields": {"accepted": true, "course_id": "IIS", "user": "xtekel01"}}, {"model": "course.registrationtocourse", "pk": 47, "fields": {"accepted": true, "course_id": "BAN4", "user": "xtekel01"}}, {"model": "course.registrationtocourse", "pk": 48, "fields": {"accepted": true, "course_id": "ICP", "user": "xtekel01"}}, {"model": "course.registrationtocourse", "pk": 49, "fields": {"accepted": true, "course_id": "IZA", "user": "xtekel01"}}, {"model": "course.registrationtocourse", "pk": 50, "fields": {"accepted": true, "course_id": "IMS", "user": "xadase01"}}, {"model": "course.registrationtocourse", "pk": 51, "fields": {"accepted": true, "course_id": "IIS", "user": "xadase01"}}, {"model": "course.registrationtocourse", "pk": 52, "fields": {"accepted": true, "course_id": "IPP", "user": "xadase01"}}, {"model": "course.registrationtocourse", "pk": 53, "fields": {"accepted": true, "course_id": "BAN4", "user": "xadase01"}}, {"model": "course.registrationtocourse", "pk": 54, "fields": {"accepted": true, "course_id": "ICP", "user": "xadase01"}}, {"model": "course.registrationtocourse", "pk": 55, "fields": {"accepted": true, "course_id": "IZA", "user": "xadase01"}}, {"model": "course.registrationtocourse", "pk": 56, "fields": {"accepted": true, "course_id": "IZG", "user": "xsikul01"}}, {"model": "course.registrationtocourse", "pk": 57, "fields": {"accepted": true, "course_id": "IAL", "user": "xsikul01"}}, {"model": "course.registrationtocourse", "pk": 58, "fields": {"accepted": true, "course_id": "IOS", "user": "xsikul01"}}, {"model": "course.registrationtocourse", "pk": 59, "fields": {"accepted": true, "course_id": "BAN4", "user": "xsikul01"}}, {"model": "course.registrationtocourse", "pk": 60, "fields": {"accepted": true, "course_id": "IJA", "user": "xsikul01"}}, {"model": "course.registrationtocourse", "pk": 62, "fields": {"accepted": true, "course_id": "IJC", "user": "xsikul01"}}, {"model": "course.courseupdate", "pk": 7, "fields": {"published_by": "kreslikova", "course": "IZP", "title": "Update #1", "description": "Informace k závěrečným zkouškám v IZP. Zkouška z předmětu IZP bude probíhat prezenčně. Závěrečné zkoušky budou probíhat v následujících termínech:\r\nŘádný termín 11.1.2023, 11:00 - 13:50 hod.\r\n1. Opravný termín 20.1.2023, 15:00 - 17:50 hod.\r\n2. Opravný termín 1.2.2023, 11:00 - 13:50 hod.\r\nNa termín závěrečné zkoušky se může student přihlásit pokud získal zápočet (alespoň 20 bodů).\r\n\r\nNa termín Závěrečné zkoušky se studenti mohou přihlašovat od 28.12.2022, 14:00 hod. Do kdy se mohou přihlašovat je uvedeno u zvoleného termínu ve WISu2.", "date": "2022-11-23T23:10:00Z"}}, {"model": "course.courseupdate", "pk": 8, "fields": {"published_by": "hlinena", "course": "ILG", "title": "Update #1", "description": "Informace k závěrečným zkouškám v ILG. Zkouška z předmětu ILG bude probíhat prezenčně. Závěrečné zkoušky budou probíhat v následujících termínech: \r\nŘádný termín 4.1.2023, 9:00 - 10:50 hod. \r\n1. Opravný termín 23.1.2023, 12:00 - 13:50 hod.\r\n2. Opravný termín 2.2.2023, 12:00 - 13:50 hod. Na termín závěrečné zkoušky se může student přihlásit pokud získal zápočet (alespoň 5 bodů). Na termín Závěrečné zkoušky se studenti mohou přihlašovat od 28.12.2022, 14:00 hod. Do kdy se mohou přihlašovat je uvedeno u zvoleného termínu ve WISu2.", "date": "2022-11-23T23:10:00Z"}}, {"model": "course.courseupdate", "pk": 9, "fields": {"published_by": "hlinena", "course": "IMA1", "title": "Update #1", "description": "Informace k závěrečným zkouškám v IMA1. Zkouška z předmětu IMA1 bude probíhat prezenčně. Závěrečné zkoušky budou probíhat v následujících termínech: Řádný termín 10.5.2023, 12:00 - 13:50 hod. 1. Opravný termín 2.6.2023, 12:00 - 13:50 hod. 2. Opravný termín 9.6.2023, 10:00 - 11:50 hod. Na termín závěrečné zkoušky se může student přihlásit pokud získal zápočet (alespoň 6 bodů). Na termín Závěrečné zkoušky se studenti mohou přihlašovat od 2.5.2023, 14:00 hod. Do kdy se mohou přihlašovat je uvedeno u zvoleného termínu ve WISu2.", "date": "2022-11-23T23:10:00Z"}}, {"model": "course.courseupdate", "pk": 10, "fields": {"published_by": "vojnar", "course": "IOS", "title": "Update #1", "description": "Informace k závěrečným zkouškám v IOS. Zkouška z předmětu IOS bude probíhat prezenčně. Závěrečné zkoušky budou probíhat v následujících termínech: Řádný termín 15.5.2023, 9:00 - 13:50 hod. 1. Opravný termín 29.5.2023, 9:00 - 10:50 hod. 2. Opravný termín 9.6.2023, 15:00 - 16:50 hod. Na termín závěrečné zkoušky se může student přihlásit pokud získal zápočet (alespoň 10 bodů). Na termín Závěrečné zkoušky se studenti mohou přihlašovat od 2.5.2023, 14:00 hod. Do kdy se mohou přihlašovat je uvedeno u zvoleného termínu ve WISu2.", "date": "2022-11-23T23:10:00Z"}}, {"model": "course.courseupdate", "pk": 11, "fields": {"published_by": "cernocky", "course": "ISS", "title": "Update #1", "description": "Informace k závěrečným zkouškám v ISS. Zkouška z předmětu ISS bude probíhat prezenčně. Závěrečné zkoušky budou probíhat v následujících termínech: Řádný termín 9.1.2023, 9:00 - 11:50 hod. 1. Opravný termín 16.1.2023, 15:00 - 17:50 hod. 2. Opravný termín 27.1.2023, 13:00 - 15:50 hod. Na termín Závěrečné zkoušky se studenti mohou přihlašovat od 28.12.2022, 14:00 hod. Do kdy se mohou přihlašovat je uvedeno u zvoleného termínu ve WISu2.", "date": "2022-11-23T23:10:00Z"}}, {"model": "course.courseupdate", "pk": 12, "fields": {"published_by": "honzik", "course": "IAL", "title": "Update #1", "description": "Informace k závěrečným zkouškám v IAL. Zkouška z předmětu IAL bude probíhat prezenčně. Závěrečné zkoušky budou probíhat v následujících termínech: Řádný termín 2.1.2023, 17:00 - 18:50 hod. 1. Opravný termín 18.1.2023, 9:00 - 10:50 hod. 2. Opravný termín 30.1.2023, 9:00 - 10:50 hod. Na termín závěrečné zkoušky se může student přihlásit pokud získal zápočet (alespoň 20 bodů). Na termín Závěrečné zkoušky se studenti mohou přihlašovat od 28.12.2022, 14:00 hod. Do kdy se mohou přihlašovat je uvedeno u zvoleného termínu ve WISu2.", "date": "2022-11-23T23:10:00Z"}}, {"model": "course.courseupdate", "pk": 13, "fields": {"published_by": "spanel", "course": "IZG", "title": "Update #1", "description": "Informace k závěrečným zkouškám v IZG. Zkouška z předmětu IZG bude probíhat prezenčně. Závěrečné zkoušky budou probíhat v následujících termínech: Řádný termín 22.5.2023, 13:00 - 14:50 hod. 1. Opravný termín 1.6.2023, 13:00 - 14:50 hod. 2. Opravný termín 8.6.2023, 9:00 - 10:50 hod. Na termín závěrečné zkoušky se může student přihlásit pokud získal zápočet (alespoň 19 bodů). Na termín Závěrečné zkoušky se studenti mohou přihlašovat od 2.5.2023, 14:00 hod. Do kdy se mohou přihlašovat je uvedeno u zvoleného termínu ve WISu2.", "date": "2022-11-23T23:10:00Z"}}, {"model": "course.courseupdate", "pk": 14, "fields": {"published_by": "kolar", "course": "IPP", "title": "Update #1", "description": "Informace k závěrečným zkouškám v IPP. Zkouška z předmětu IPP bude probíhat prezenčně. Závěrečné zkoušky budou probíhat v následujících termínech: Řádný termín 16.5.2023, 9:00 - 11:50 hod. 1. Opravný termín 31.5.2023, 9:00 - 11:50 hod. 2. Opravný termín 8.6.2023, 9:00 - 11:50 hod. Na termín závěrečné zkoušky se může student přihlásit pokud získal zápočet (alespoň 20 bodů). Na termín Závěrečné zkoušky se studenti mohou přihlašovat od 2.5.2023, 14:00 hod. Do kdy se mohou přihlašovat je uvedeno u zvoleného termínu ve WISu2.", "date": "2022-11-23T23:10:00Z"}}, {"model": "course.courseupdate", "pk": 15, "fields": {"published_by": "hruska", "course": "IIS", "title": "Update #1", "description": "Informace k závěrečným zkouškám v IIS. Zkouška z předmětu IIIS bude probíhat prezenčně. Závěrečné zkoušky budou probíhat v následujících termínech: Řádný termín 13.1.2023, 15:00 - 16:50 hod. 1. Opravný termín 23.1.2023, 9:00 - 10:50 hod. 2. Opravný termín 31.1.2023, 12:00 - 13:50 hod. Na termín závěrečné zkoušky se může student přihlásit pokud získal zápočet (alespoň 25 bodů). Na termín Závěrečné zkoušky se studenti mohou přihlašovat od 28.12.2022, 14:00 hod. Do kdy se mohou přihlašovat je uvedeno u zvoleného termínu ve WISu2.", "date": "2022-11-23T23:10:00Z"}}, {"model": "course.courseupdate", "pk": 16, "fields": {"published_by": "peringer", "course": "IMS", "title": "Update #1", "description": "Informace k závěrečným zkouškám v IMS. Zkouška z předmětu IMS bude probíhat prezenčně. Závěrečné zkoušky budou probíhat v následujících termínech: Řádný termín 11.1.2023, 14:00 - 17:50 hod. 1. Opravný termín 25.1.2023, 16:00 - 17:50 hod. 2. Opravný termín 3.2.2023, 11:00 - 12:50 hod. Na termín závěrečné zkoušky se může student přihlásit pokud získal zápočet (alespoň 10 bodů). Na termín Závěrečné zkoušky se studenti mohou přihlašovat od 28.12.2022, 14:00 hod. Do kdy se mohou přihlašovat je uvedeno u zvoleného termínu ve WISu2.", "date": "2022-11-23T23:10:00Z"}}, {"model": "course.courseupdate", "pk": 17, "fields": {"published_by": "peringer", "course": "IJC", "title": "Update #1", "description": "Informace k závěrečným zkouškám v IJC. Zkouška z předmětu IJC bude probíhat prezenčně. Závěrečné zkoušky budou probíhat v následujících termínech: Řádný termín 11.5.2023, 16:00 - 17:50 hod. 1. Opravný termín 23.5.2023, 16:00 - 17:50 hod. 2. Opravný termín 2.6.2023, 13:00 - 14:50 hod. Na termín Závěrečné zkoušky se studenti mohou přihlašovat od 2.5.2023, 14:00 hod. Do kdy se mohou přihlašovat je uvedeno u zvoleného termínu ve WISu2.", "date": "2022-11-23T23:10:00Z"}}, {"model": "course.courseupdate", "pk": 18, "fields": {"published_by": "krena", "course": "ITY", "title": "Update #1", "description": "Vážení studenti, reklamace závěrečné písemky proběhnou v úterý 25. 5. 2023 od 16:00 do 17:00 prostřednictvím MS Teams. Komu se tento čas nehodí, může využít běžné konzultační hodiny (pátek 13:30-14:30) v MS Teams.\r\nHodně štěstí u zkoušek přeje\r\nBohuslav Křena", "date": "2022-11-23T23:10:00Z"}}, {"model": "course.courseupdate", "pk": 19, "fields": {"published_by": "koci", "course": "IJA", "title": "Update #1", "description": "Seminář Java (IJA) tvoří přednášky (semináře), které jsou organizovány do 9 bloků po 3 vyučovacích hodinách.\r\nSoučástí hodnocení předmětu jsou úkoly a jeden projekt.\r\nPodmínky pro získání zápočtu:\r\nzískat alespoň 1 bod z každého úkolu\r\nzískat alespoň 50% bodů z projektu\r\nzískat alespoň 50% bodů celkem.", "date": "2022-11-23T23:10:00Z"}}, {"model": "course.courseupdate", "pk": 20, "fields": {"published_by": "peringer", "course": "ICP", "title": "Update #1", "description": "Seminář C++ (ICP) tvoří přednášky (semináře), které jsou organizovány do 13 bloků po 2 vyučovacích hodinách.\r\nSoučástí hodnocení předmětu je jeden projekt.\r\nPodmínky pro získání zápočtu:\r\nzískat alespoň 50% bodů z projektu.", "date": "2022-11-23T23:10:00Z"}}, {"model": "course.courseupdate", "pk": 21, "fields": {"published_by": "sedlacek", "course": "BAN4", "title": "Update #1", "description": "Výuka probíhá v průběhu 13 týdnů formou jazykových cvičení. Účast na cvičeních je povinná ze 75%. Případné absence musí být řádně omluveny. Podmínky zápočtu: Aktivní 75% účast a průběžné plnění zadaných úkolů. 40% - Semestrální test - ověřuje znalosti získané v průběhu semestru.", "date": "2022-11-23T23:10:00Z"}}, {"model": "course.courseupdate", "pk": 22, "fields": {"published_by": "vasicek", "course": "IZV", "title": "Update #1", "description": "Cílem projektu je vytvořit skript, který z veřejně dostupných zdrojů získá data, nad kterými se provede analýza a tato se prezentuje formou zprávy. Hodnocení projektu zohlední kvalitu kódu, výsledné analýzy a vygenerované zprávy. Odevzdání projektu, jehož implementace se skládá ze tří částí (získání dat, předzpracování a analýza dat, generování zprávy). Každá část bude hodnocena samostatně. Student obdrží zpětnou vazbu ke své práci, kterou zapracuje do finálního řešení. První dvě části se odevzdávají v průběhu semestru a mohou být hodnoceny až 20 body každá. Za finální řešení lze získat až 60 bodů. Na získání zápočtu student musí získat minimálně 50 bodů celkem a minimálně 2 body z každé části projektu.", "date": "2022-11-23T23:10:00Z"}}, {"model": "course.courseupdate", "pk": 23, "fields": {"published_by": "hruby", "course": "IZA", "title": "Update #1", "description": "Podmínkou zápočtu je vypracování individuálního projektu a získání alespoň poloviny bodů (15 ze 30). Kontrolovanou výukou jsou projekt a závěrečná zkouška. Závěrečná zkouška má dva náhradní termíny. Pro získání bodů ze zkoušky je nutné zkoušku vypracovat tak, aby byla hodnocena nejméně 25 body. V opačném případě bude zkouška hodnocena 0 body.", "date": "2022-11-23T23:10:00Z"}}, {"model": "course.courseupdate", "pk": 24, "fields": {"published_by": "smrcka", "course": "ITS", "title": "Update #1", "description": "Podmínkou zápočtu je vypracování individuálních projektů a získáni alespoň 17 ze 40 bodů. Kontrolovanou výukou jsou projekty a závěrečná zkouška. Závěrečná zkouška má dva náhradní termíny. Pro získání bodů ze zkoušky je nutné zkoušku vypracovat tak, aby byla hodnocena nejméně 23 body. V opačném případě bude zkouška hodnocena 0 body.", "date": "2022-11-23T23:10:00Z"}}, {"model": "course.courseupdate", "pk": 25, "fields": {"published_by": "smrz", "course": "IVS", "title": "Update #1", "description": "Kontrolovanou výukou jsou 2 projekty spolu závěrečnou obhajoba druhého projektu a půlsemestrální písemný test. Za první projekt je možno získat 18 bodů, za druhý společně s obhajobou 52 bodů a za půlsemestrální písomný test celkem 30 bodů. Podmínkou zápočtu je získání alespoň 50 bodů celkem v průbehu semestru.", "date": "2022-11-23T23:10:00Z"}}]